benchmark,size,backend,sub_backend,device,run_mode,n_nodes,n_processes,runtime_ms,job_id,status,created_at,started_at,ended_at
,156,ibmq,ibm_pittsburgh,CPU,sync,1,1,34242.534999999996,d6gvatithhns7391g1eg,Completed,2026-02-27 19:50:14.591476+00:00,2026-02-27 19:50:15.978210+00:00,2026-02-27 19:50:50.220745+00:00
,156,ibmq,ibm_pittsburgh,CPU,sync,1,1,33815.515,d6gv5k1keb2s73bdvlm0,Completed,2026-02-27 19:38:56.596788+00:00,2026-02-27 19:38:57.672018+00:00,2026-02-27 19:39:31.487533+00:00
,156,ibmq,ibm_pittsburgh,CPU,sync,1,1,34505.459,d6gv4m9keb2s73bdvkkg,Completed,2026-02-27 19:36:58.134581+00:00,2026-02-27 19:36:59.060995+00:00,2026-02-27 19:37:33.566454+00:00
,156,ibmq,ibm_pittsburgh,CPU,sync,1,1,33737.085999999996,d6gv1ae48nic73amc8b0,Completed,2026-02-27 19:29:45.311504+00:00,2026-02-27 19:29:46.057064+00:00,2026-02-27 19:30:19.794150+00:00
,156,ibmq,ibm_pittsburgh,CPU,sync,1,1,33912.059,d6guuvn3o3rs73cabc7g,Completed,2026-02-27 19:24:46.503387+00:00,2026-02-27 19:24:47.381003+00:00,2026-02-27 19:25:21.293062+00:00
,156,ibmq,ibm_pittsburgh,CPU,sync,1,1,98870.024,d6gut1ithhns7391fgag,Completed,2026-02-27 19:20:39.075596+00:00,2026-02-27 19:20:40.705093+00:00,2026-02-27 19:22:19.575117+00:00
,156,ibmq,ibm_pittsburgh,CPU,sync,1,1,59973.502,d6gus3hkeb2s73bdv9tg,Completed,2026-02-27 19:18:38.301760+00:00,2026-02-27 19:18:39.102877+00:00,2026-02-27 19:19:39.076379+00:00
,120,ibmq,ibm_miami,CPU,sync,1,1,919259.112,d6gtg0n3o3rs73ca9gsg,Completed,2026-02-27 17:44:34.810816+00:00,2026-02-27 17:44:35.823309+00:00,2026-02-27 17:59:55.082421+00:00
,120,ibmq,ibm_miami,CPU,sync,1,1,553042.1209999999,d6gtfnhkeb2s73bdtigg,Completed,2026-02-27 17:43:58.303705+00:00,2026-02-27 17:43:59.154571+00:00,2026-02-27 17:53:12.196692+00:00
,120,ibmq,ibm_miami,CPU,sync,1,1,420022.82,d6gt0rhkeb2s73bdsu50,Completed,2026-02-27 17:12:14.487696+00:00,2026-02-27 17:12:15.706571+00:00,2026-02-27 17:19:15.729391+00:00
,156,ibmq,ibm_pittsburgh,CPU,sync,1,1,33796.848,d6gs9gf3o3rs73ca7rvg,Completed,2026-02-27 16:22:25.947875+00:00,2026-02-27 16:22:27.438992+00:00,2026-02-27 16:23:01.235840+00:00
,156,ibmq,ibm_pittsburgh,CPU,sync,1,1,33152.626,d6gs95v3o3rs73ca7rk0,Completed,2026-02-27 16:21:43.168578+00:00,2026-02-27 16:21:44.719749+00:00,2026-02-27 16:22:17.872375+00:00
,156,ibmq,ibm_pittsburgh,CPU,sync,1,1,59941.174,d6grp2e48nic73am8230,Completed,2026-02-27 15:47:21.730304+00:00,2026-02-27 15:47:22.846443+00:00,2026-02-27 15:48:22.787617+00:00
,156,ibmq,ibm_pittsburgh,CPU,sync,1,1,35379.975,d6gr05hkeb2s73bdqbl0,Completed,2026-02-27 14:54:14.632562+00:00,2026-02-27 14:54:15.433222+00:00,2026-02-27 14:54:50.813197+00:00
,156,ibmq,ibm_fez,CPU,sync,1,1,141078.934,d6g7buekeflc73ah3fdg,Completed,2026-02-26 16:34:02.003603+00:00,2026-02-26 16:52:41.631415+00:00,2026-02-26 16:55:02.710349+00:00
,156,ibmq,ibm_fez,CPU,sync,1,1,58019.509,d6g6716keflc73ah22kg,Completed,2026-02-26 15:15:16.612005+00:00,2026-02-26 15:21:03.872661+00:00,2026-02-26 15:22:01.892170+00:00
,156,ibmq,ibm_pittsburgh,CPU,sync,1,1,352360.831,d6fhd8p54hss73bc5vt0,Completed,2026-02-25 15:34:59.504842+00:00,2026-02-25 20:27:56.785120+00:00,2026-02-25 20:33:49.145951+00:00
,156,ibmq,ibm_fez,CPU,sync,1,1,38383.481,d6fhd3vg4t5c73892k6g,Completed,2026-02-25 15:34:39.100565+00:00,2026-02-25 15:34:44.210300+00:00,2026-02-25 15:35:22.593781+00:00
,156,ibmq,ibm_fez,CPU,sync,1,1,35771.448,d6fgq2h7ce2c73fk33s0,Completed,2026-02-25 14:54:02.336578+00:00,2026-02-25 15:29:07.184940+00:00,2026-02-25 15:29:42.956388+00:00
,156,ibmq,ibm_pittsburgh,CPU,sync,1,1,34952.917,d6fglevg4t5c73891mj0,Completed,2026-02-25 14:44:11.859798+00:00,2026-02-25 14:44:13.020911+00:00,2026-02-25 14:44:47.973828+00:00
,133,ibmq,ibm_torino,CPU,sync,1,1,3598.3329999999996,d6et4ccnsg9c739d1lo0,Completed,2026-02-24 16:30:42.002110+00:00,2026-02-24 16:30:43.071156+00:00,2026-02-24 16:30:46.669489+00:00
,133,ibmq,ibm_torino,CPU,sync,1,1,3619.9900000000002,d6ess6fg4t5c7388ao1g,Completed,2026-02-24 16:13:13.339776+00:00,2026-02-24 16:13:14.117214+00:00,2026-02-24 16:13:17.737204+00:00
,133,ibmq,ibm_torino,CPU,sync,1,1,22078.471,d6esng7g4t5c7388aj20,Completed,2026-02-24 16:03:12.972763+00:00,2026-02-24 16:03:25.340948+00:00,2026-02-24 16:03:47.419419+00:00
,133,ibmq,ibm_torino,CPU,sync,1,1,10533.309,d6alltp7ce2c73fee490,Completed,2026-02-18 06:23:51.615068+00:00,2026-02-18 10:55:45.120757+00:00,2026-02-18 10:55:55.654066+00:00
,133,ibmq,ibm_torino,CPU,sync,1,1,1988.574269,d6al0797ce2c73fede20,Cancelled,2026-02-18 05:37:33.669768+00:00,,2026-02-18 05:55:34.475485+00:00
,133,ibmq,ibm_torino,CPU,sync,1,1,3029.363,d69qf0hd1ejc73c7u3i0,Completed,2026-02-16 23:25:54.433026+00:00,2026-02-16 23:25:55.156868+00:00,2026-02-16 23:25:58.186231+00:00
,133,ibmq,ibm_torino,CPU,sync,1,1,4011.716,d69p761d1ejc73c7snp0,Completed,2026-02-16 22:00:56.413806+00:00,2026-02-16 22:00:57.672492+00:00,2026-02-16 22:01:01.684208+00:00
,133,ibmq,ibm_torino,CPU,sync,1,1,6653.42,d692pghv6o8c73d7brjg,Completed,2026-02-15 20:29:54.507261+00:00,2026-02-15 20:29:55.573606+00:00,2026-02-15 20:30:02.227026+00:00
,133,ibmq,ibm_torino,CPU,sync,1,1,3193.6,d692i81v6o8c73d7bj6g,Completed,2026-02-15 20:14:24.550465+00:00,2026-02-15 20:14:25.820131+00:00,2026-02-15 20:14:29.013731+00:00
,133,ibmq,ibm_torino,CPU,sync,1,1,456787.83800000005,d6924dje4kfs73d3msag,Completed,2026-02-15 19:44:54.636665+00:00,2026-02-15 19:44:55.739812+00:00,2026-02-15 19:52:32.527650+00:00
,133,ibmq,ibm_torino,CPU,sync,1,1,3505.484,d691sulbujdc73d1m9pg,Completed,2026-02-15 19:28:58.889926+00:00,2026-02-15 19:29:00.089728+00:00,2026-02-15 19:29:03.595212+00:00
,156,ibmq,ibm_pittsburgh,CPU,sync,1,1,17950.243000000002,d6699t3e4kfs73d0dkl0,Completed,2026-02-11 14:40:52.652080+00:00,2026-02-11 14:40:53.639125+00:00,2026-02-11 14:41:11.589368+00:00
,133,ibmq,ibm_torino,CPU,sync,1,1,3803.533,d64fah3traac73bico6g,Completed,2026-02-08 20:42:44.449124+00:00,2026-02-08 20:42:45.481376+00:00,2026-02-08 20:42:49.284909+00:00
,133,ibmq,ibm_torino,CPU,sync,1,1,3169.413,d64e7ivs6ggc73fj0cog,Completed,2026-02-08 19:28:11.545282+00:00,2026-02-08 19:28:12.282733+00:00,2026-02-08 19:28:15.452146+00:00
,133,ibmq,ibm_torino,CPU,sync,1,1,3778.488,d64dlhbc4tus73ffls00,Completed,2026-02-08 18:49:41.865075+00:00,2026-02-08 18:49:42.852816+00:00,2026-02-08 18:49:46.631304+00:00
,133,ibmq,ibm_torino,CPU,sync,1,1,20457.22,d64d94jc4tus73ffl7gg,Completed,2026-02-08 18:23:14.318771+00:00,2026-02-08 18:23:15.079574+00:00,2026-02-08 18:23:35.536794+00:00
,133,ibmq,ibm_torino,CPU,sync,1,1,3340.967,d634p0jtraac73bgr33g,Completed,2026-02-06 20:18:11.006566+00:00,2026-02-06 20:18:11.864611+00:00,2026-02-06 20:18:15.205578+00:00
,156,ibmq,ibm_pittsburgh,CPU,sync,1,1,4862.262000000001,d61psojtraac73bf9jqg,Completed,2026-02-04 19:30:42.564679+00:00,2026-02-04 19:30:43.313725+00:00,2026-02-04 19:30:48.175987+00:00
,156,ibmq,ibm_pittsburgh,CPU,sync,1,1,4959.527999999999,d61pi4btraac73bf9710,Completed,2026-02-04 19:08:01.933034+00:00,2026-02-04 19:08:03.044817+00:00,2026-02-04 19:08:08.004345+00:00
,156,ibmq,ibm_pittsburgh,CPU,sync,1,1,4567.336,d61mur3traac73bf5ru0,Completed,2026-02-04 16:10:20.664086+00:00,2026-02-04 16:10:21.384152+00:00,2026-02-04 16:10:25.951488+00:00
,156,ibmq,ibm_pittsburgh,CPU,sync,1,1,13912.284,d61mu33c4tus73fcf52g,Completed,2026-02-04 16:08:44.980403+00:00,2026-02-04 16:08:45.521784+00:00,2026-02-04 16:08:59.434068+00:00
,120,ibmq,ibm_miami,CPU,sync,1,1,7433.55,d61lfcns6ggc73ffoo20,Completed,2026-02-04 14:29:07.044028+00:00,2026-02-04 14:29:07.633528+00:00,2026-02-04 14:29:15.067078+00:00
,120,ibmq,ibm_miami,CPU,sync,1,1,2253.568504,d5v3dit7fc0s73atie50,Cancelled,2026-01-31 17:07:23.654690+00:00,,2026-01-31 17:47:07.963075+00:00
,120,ibmq,ibm_miami,CPU,sync,1,1,2187.006238,d5v3acabju6s73bbd5bg,Cancelled,2026-01-31 17:00:33.456259+00:00,,2026-01-31 17:01:04.967475+00:00
,120,ibmq,ibm_miami,CPU,sync,1,1,2187.006238,d5v36f57fc0s73ati690,Cancelled,2026-01-31 16:52:12.743594+00:00,,2026-01-31 17:01:02.200977+00:00
,8,ibmq,ibm_miami,CPU,sync,1,1,4064.091405,d5uo5c4bmr9c739ohc2g,Failed,2026-01-31 04:18:57.217850+00:00,,2026-01-31 04:18:57.666601+00:00
,156,ibmq,ibm_boston,CPU,sync,1,1,226012.364,d5bvqr3ht8fs73a72q80,Completed,2026-01-02 17:16:28.939700+00:00,2026-01-02 17:16:29.346666+00:00,2026-01-02 17:20:15.359030+00:00
,156,ibmq,ibm_boston,CPU,sync,1,1,245970.315,d5bvot3ht8fs73a72ofg,Completed,2026-01-02 17:12:20.274799+00:00,2026-01-02 17:12:21.288959+00:00,2026-01-02 17:16:27.259274+00:00
,156,ibmq,ibm_boston,CPU,sync,1,1,245809.31,d5bvmugnsj9s73b92170,Completed,2026-01-02 17:08:10.459000+00:00,2026-01-02 17:08:11.286910+00:00,2026-01-02 17:12:17.096220+00:00
,156,ibmq,ibm_boston,CPU,sync,1,1,256559.61200000002,d5bvktvp3tbc73auh7d0,Completed,2026-01-02 17:03:51.295113+00:00,2026-01-02 17:03:52.014789+00:00,2026-01-02 17:08:08.574401+00:00
,156,ibmq,ibm_boston,CPU,sync,1,1,254605.028,d5bvitfp3tbc73auh5fg,Completed,2026-01-02 16:59:33.900469+00:00,2026-01-02 16:59:34.669855+00:00,2026-01-02 17:03:49.274883+00:00
,156,ibmq,ibm_boston,CPU,sync,1,1,245742.044,d5bvgv0nsj9s73b91rfg,Completed,2026-01-02 16:55:24.685298+00:00,2026-01-02 16:55:25.857724+00:00,2026-01-02 16:59:31.599768+00:00
,156,ibmq,ibm_boston,CPU,sync,1,1,247011.718,d5bvf0jht8fs73a72f9g,Completed,2026-01-02 16:51:14.720705+00:00,2026-01-02 16:51:15.548627+00:00,2026-01-02 16:55:22.560345+00:00
,156,ibmq,ibm_boston,CPU,sync,1,1,246638.665,d5bvd28nsj9s73b91nk0,Completed,2026-01-02 16:47:05.252709+00:00,2026-01-02 16:47:05.976540+00:00,2026-01-02 16:51:12.615205+00:00
,156,ibmq,ibm_boston,CPU,sync,1,1,248220.69700000001,d5bvb3np3tbc73augtrg,Completed,2026-01-02 16:42:54.705357+00:00,2026-01-02 16:42:55.354109+00:00,2026-01-02 16:47:03.574806+00:00
,156,ibmq,ibm_boston,CPU,sync,1,1,249957.707,d5bv94bht8fs73a729g0,Completed,2026-01-02 16:38:41.734761+00:00,2026-01-02 16:38:42.492073+00:00,2026-01-02 16:42:52.449780+00:00
,156,ibmq,ibm_boston,CPU,sync,1,1,247205.321,d5bv75np3tbc73augqa0,Completed,2026-01-02 16:34:30.272590+00:00,2026-01-02 16:34:31.373283+00:00,2026-01-02 16:38:38.578604+00:00
,156,ibmq,ibm_boston,CPU,sync,1,1,248223.812,d5bv56hsmlfc739mssbg,Completed,2026-01-02 16:30:19.409135+00:00,2026-01-02 16:30:20.122222+00:00,2026-01-02 16:34:28.346034+00:00
,156,ibmq,ibm_boston,CPU,sync,1,1,246157.69,d5bv381smlfc739msqk0,Completed,2026-01-02 16:26:09.555527+00:00,2026-01-02 16:26:10.396123+00:00,2026-01-02 16:30:16.553813+00:00
,156,ibmq,ibm_boston,CPU,sync,1,1,249369.423,d5bv191smlfc739msos0,Completed,2026-01-02 16:21:56.419006+00:00,2026-01-02 16:21:57.160223+00:00,2026-01-02 16:26:06.529646+00:00
,156,ibmq,ibm_boston,CPU,sync,1,1,246165.505,d5buvaonsj9s73b91am0,Completed,2026-01-02 16:17:47.178279+00:00,2026-01-02 16:17:48.484592+00:00,2026-01-02 16:21:54.650097+00:00
,156,ibmq,ibm_boston,CPU,sync,1,1,251512.435,d5butb0nsj9s73b918rg,Completed,2026-01-02 16:13:32.922997+00:00,2026-01-02 16:13:33.777708+00:00,2026-01-02 16:17:45.290143+00:00
,156,ibmq,ibm_boston,CPU,sync,1,1,262310.86199999996,d5bur8np3tbc73augfjg,Completed,2026-01-02 16:09:06.997358+00:00,2026-01-02 16:09:08.126001+00:00,2026-01-02 16:13:30.436863+00:00
,156,ibmq,ibm_boston,CPU,sync,1,1,246776.984,d5bupafp3tbc73augdpg,Completed,2026-01-02 16:04:57.733793+00:00,2026-01-02 16:04:58.098886+00:00,2026-01-02 16:09:04.875870+00:00
,156,ibmq,ibm_boston,CPU,sync,1,1,244974.732,d5buncgnsj9s73b913f0,Completed,2026-01-02 16:00:50.148263+00:00,2026-01-02 16:00:50.860270+00:00,2026-01-02 16:04:55.835002+00:00
,156,ibmq,ibm_boston,CPU,sync,1,1,245990.41199999998,d5bulebht8fs73a71nkg,Completed,2026-01-02 15:56:41.862250+00:00,2026-01-02 15:56:42.302516+00:00,2026-01-02 16:00:48.292928+00:00
,156,ibmq,ibm_boston,CPU,sync,1,1,252922.835,d5buje9smlfc739mscfg,Completed,2026-01-02 15:52:25.722529+00:00,2026-01-02 15:52:26.570237+00:00,2026-01-02 15:56:39.493072+00:00
,156,ibmq,ibm_boston,CPU,sync,1,1,265615.59699999995,d5buhb9smlfc739msakg,Completed,2026-01-02 15:47:57.288052+00:00,2026-01-02 15:47:58.304804+00:00,2026-01-02 15:52:23.920401+00:00
,156,ibmq,ibm_boston,CPU,sync,1,1,246047.584,d5bufd3ht8fs73a71i60,Completed,2026-01-02 15:43:48.338360+00:00,2026-01-02 15:43:49.400211+00:00,2026-01-02 15:47:55.447795+00:00
,156,ibmq,ibm_boston,CPU,sync,1,1,248404.216,d5bude1smlfc739ms73g,Completed,2026-01-02 15:39:36.687000+00:00,2026-01-02 15:39:37.686502+00:00,2026-01-02 15:43:46.090718+00:00
,156,ibmq,ibm_boston,CPU,sync,1,1,246163.387,d5bubfrht8fs73a71ekg,Completed,2026-01-02 15:35:27.956808+00:00,2026-01-02 15:35:28.776123+00:00,2026-01-02 15:39:34.939510+00:00
,156,ibmq,ibm_boston,CPU,sync,1,1,249561.80299999999,d5bu9gonsj9s73b90mhg,Completed,2026-01-02 15:31:15.915396+00:00,2026-01-02 15:31:16.518562+00:00,2026-01-02 15:35:26.080365+00:00
,156,ibmq,ibm_boston,CPU,sync,1,1,245706.91700000002,d5bu7ivp3tbc73auftn0,Completed,2026-01-02 15:27:07.435540+00:00,2026-01-02 15:27:08.145430+00:00,2026-01-02 15:31:13.852347+00:00
,156,ibmq,ibm_boston,CPU,sync,1,1,252729.68800000002,d5bu5ionsj9s73b90is0,Completed,2026-01-02 15:22:51.644099+00:00,2026-01-02 15:22:52.992999+00:00,2026-01-02 15:27:05.722687+00:00
,156,ibmq,ibm_boston,CPU,sync,1,1,247690.061,d5bu3k9smlfc739mru4g,Completed,2026-01-02 15:18:41.237184+00:00,2026-01-02 15:18:42.012294+00:00,2026-01-02 15:22:49.702355+00:00
,156,ibmq,ibm_boston,CPU,sync,1,1,246310.487,d5bu1ljht8fs73a715lg,Completed,2026-01-02 15:14:31.608250+00:00,2026-01-02 15:14:32.366760+00:00,2026-01-02 15:18:38.677247+00:00
,156,ibmq,ibm_boston,CPU,sync,1,1,245826.556,d5btvn8nsj9s73b90dm0,Completed,2026-01-02 15:10:21.144724+00:00,2026-01-02 15:10:22.303990+00:00,2026-01-02 15:14:28.130546+00:00
,156,ibmq,ibm_boston,CPU,sync,1,1,246367.456,d5bttojht8fs73a71260,Completed,2026-01-02 15:06:10.394132+00:00,2026-01-02 15:06:12.292906+00:00,2026-01-02 15:10:18.660362+00:00
,156,ibmq,ibm_boston,CPU,sync,1,1,277016.806,d5btrivp3tbc73aufiv0,Completed,2026-01-02 15:01:31.110170+00:00,2026-01-02 15:01:31.529941+00:00,2026-01-02 15:06:08.546747+00:00
,156,ibmq,ibm_boston,CPU,sync,1,1,246141.59100000001,d5btpkfp3tbc73aufh80,Completed,2026-01-02 14:57:21.084376+00:00,2026-01-02 14:57:21.841054+00:00,2026-01-02 15:01:27.982645+00:00
