provider,job_id,backend,status,created_at,started_at,ended_at,runtime_ms,shots,session_id,input_format,n_qubits,depth,n_ops,single_qubit_gates,two_qubit_gates,three_qubit_gates,measure_ops,gate_counts_json,qiskit_framework,critical_path_length,connected_components,num_cliffords,num_non_cliffords,num_parameters,circuit_metrics_json
ibmq,d6gvatithhns7391g1eg,ibm_pittsburgh,Completed,2026-02-27 19:50:14.591476+00:00,2026-02-27 19:50:15.978210+00:00,2026-02-27 19:50:50.220745+00:00,34242.534999999996,,,runtime_inputs,156,512,7052,5963,1089,1,24,"{""sx"": 3146, ""rz"": 2672, ""cz"": 1089, ""x"": 121, ""measure"": 24, ""barrier"": 1}",qiskit,512,1,4381,2672,0,"{""framework"": ""qiskit"", ""critical_path_length"": 512, ""connected_components"": 1, ""num_cliffords"": 4381, ""num_non_cliffords"": 2672, ""num_parameters"": 0}"
ibmq,d6gv5k1keb2s73bdvlm0,ibm_pittsburgh,Completed,2026-02-27 19:38:56.596788+00:00,2026-02-27 19:38:57.672018+00:00,2026-02-27 19:39:31.487533+00:00,33815.515,,,runtime_inputs,156,412,4738,4008,730,1,24,"{""sx"": 2200, ""rz"": 1759, ""cz"": 730, ""x"": 25, ""measure"": 24, ""barrier"": 1}",qiskit,412,1,2980,1759,0,"{""framework"": ""qiskit"", ""critical_path_length"": 412, ""connected_components"": 1, ""num_cliffords"": 2980, ""num_non_cliffords"": 1759, ""num_parameters"": 0}"
ibmq,d6gv4m9keb2s73bdvkkg,ibm_pittsburgh,Completed,2026-02-27 19:36:58.134581+00:00,2026-02-27 19:36:59.060995+00:00,2026-02-27 19:37:33.566454+00:00,34505.459,,,runtime_inputs,156,445,4747,4003,744,1,24,"{""sx"": 2209, ""rz"": 1738, ""cz"": 744, ""x"": 32, ""measure"": 24, ""barrier"": 1}",qiskit,445,1,3010,1738,0,"{""framework"": ""qiskit"", ""critical_path_length"": 445, ""connected_components"": 1, ""num_cliffords"": 3010, ""num_non_cliffords"": 1738, ""num_parameters"": 0}"
ibmq,d6gv1ae48nic73amc8b0,ibm_pittsburgh,Completed,2026-02-27 19:29:45.311504+00:00,2026-02-27 19:29:46.057064+00:00,2026-02-27 19:30:19.794150+00:00,33737.085999999996,,,runtime_inputs,156,383,4645,3945,700,1,24,"{""sx"": 2145, ""rz"": 1754, ""cz"": 700, ""measure"": 24, ""x"": 22, ""barrier"": 1}",qiskit,383,1,2892,1754,0,"{""framework"": ""qiskit"", ""critical_path_length"": 383, ""connected_components"": 1, ""num_cliffords"": 2892, ""num_non_cliffords"": 1754, ""num_parameters"": 0}"
ibmq,d6guuvn3o3rs73cabc7g,ibm_pittsburgh,Completed,2026-02-27 19:24:46.503387+00:00,2026-02-27 19:24:47.381003+00:00,2026-02-27 19:25:21.293062+00:00,33912.059,,,runtime_inputs,156,245,2919,2483,436,1,24,"{""sx"": 1354, ""rz"": 1088, ""cz"": 436, ""measure"": 24, ""x"": 17, ""barrier"": 1}",qiskit,245,1,1832,1088,0,"{""framework"": ""qiskit"", ""critical_path_length"": 245, ""connected_components"": 1, ""num_cliffords"": 1832, ""num_non_cliffords"": 1088, ""num_parameters"": 0}"
ibmq,d6gut1ithhns7391fgag,ibm_pittsburgh,Completed,2026-02-27 19:20:39.075596+00:00,2026-02-27 19:20:40.705093+00:00,2026-02-27 19:22:19.575117+00:00,98870.024,,,runtime_inputs,156,245,2919,2483,436,1,24,"{""sx"": 1354, ""rz"": 1088, ""cz"": 436, ""measure"": 24, ""x"": 17, ""barrier"": 1}",qiskit,245,1,1832,1088,0,"{""framework"": ""qiskit"", ""critical_path_length"": 245, ""connected_components"": 1, ""num_cliffords"": 1832, ""num_non_cliffords"": 1088, ""num_parameters"": 0}"
ibmq,d6gus3hkeb2s73bdv9tg,ibm_pittsburgh,Completed,2026-02-27 19:18:38.301760+00:00,2026-02-27 19:18:39.102877+00:00,2026-02-27 19:19:39.076379+00:00,59973.502,,,runtime_inputs,156,403,4707,3981,726,1,24,"{""sx"": 2181, ""rz"": 1747, ""cz"": 726, ""x"": 29, ""measure"": 24, ""barrier"": 1}",qiskit,403,1,2961,1747,0,"{""framework"": ""qiskit"", ""critical_path_length"": 403, ""connected_components"": 1, ""num_cliffords"": 2961, ""num_non_cliffords"": 1747, ""num_parameters"": 0}"
ibmq,d6gtg0n3o3rs73ca9gsg,ibm_miami,Completed,2026-02-27 17:44:34.810816+00:00,2026-02-27 17:44:35.823309+00:00,2026-02-27 17:59:55.082421+00:00,919259.112,,,runtime_inputs,120,323,4127,3595,532,1,24,"{""sx"": 1825, ""rz"": 1726, ""cz"": 532, ""measure"": 24, ""x"": 20, ""barrier"": 1}",qiskit,323,1,2402,1726,0,"{""framework"": ""qiskit"", ""critical_path_length"": 323, ""connected_components"": 1, ""num_cliffords"": 2402, ""num_non_cliffords"": 1726, ""num_parameters"": 0}"
ibmq,d6gtfnhkeb2s73bdtigg,ibm_miami,Completed,2026-02-27 17:43:58.303705+00:00,2026-02-27 17:43:59.154571+00:00,2026-02-27 17:53:12.196692+00:00,553042.1209999999,,,runtime_inputs,120,227,2705,2340,365,1,24,"{""sx"": 1219, ""rz"": 1083, ""cz"": 365, ""measure"": 24, ""x"": 14, ""barrier"": 1}",qiskit,227,1,1623,1083,0,"{""framework"": ""qiskit"", ""critical_path_length"": 227, ""connected_components"": 1, ""num_cliffords"": 1623, ""num_non_cliffords"": 1083, ""num_parameters"": 0}"
ibmq,d6gt0rhkeb2s73bdsu50,ibm_miami,Completed,2026-02-27 17:12:14.487696+00:00,2026-02-27 17:12:15.706571+00:00,2026-02-27 17:19:15.729391+00:00,420022.82,,,runtime_inputs,120,301,4032,3512,520,1,24,"{""sx"": 1771, ""rz"": 1689, ""cz"": 520, ""x"": 28, ""measure"": 24, ""barrier"": 1}",qiskit,301,1,2344,1689,0,"{""framework"": ""qiskit"", ""critical_path_length"": 301, ""connected_components"": 1, ""num_cliffords"": 2344, ""num_non_cliffords"": 1689, ""num_parameters"": 0}"
ibmq,d6gs9gf3o3rs73ca7rvg,ibm_pittsburgh,Completed,2026-02-27 16:22:25.947875+00:00,2026-02-27 16:22:27.438992+00:00,2026-02-27 16:23:01.235840+00:00,33796.848,,,runtime_inputs,156,429,4701,3976,725,1,24,"{""sx"": 2178, ""rz"": 1747, ""cz"": 725, ""x"": 27, ""measure"": 24, ""barrier"": 1}",qiskit,429,1,2955,1747,0,"{""framework"": ""qiskit"", ""critical_path_length"": 429, ""connected_components"": 1, ""num_cliffords"": 2955, ""num_non_cliffords"": 1747, ""num_parameters"": 0}"
ibmq,d6gs95v3o3rs73ca7rk0,ibm_pittsburgh,Completed,2026-02-27 16:21:43.168578+00:00,2026-02-27 16:21:44.719749+00:00,2026-02-27 16:22:17.872375+00:00,33152.626,,,runtime_inputs,156,254,2897,2465,432,1,24,"{""sx"": 1338, ""rz"": 1083, ""cz"": 432, ""measure"": 24, ""x"": 20, ""barrier"": 1}",qiskit,254,1,1815,1083,0,"{""framework"": ""qiskit"", ""critical_path_length"": 254, ""connected_components"": 1, ""num_cliffords"": 1815, ""num_non_cliffords"": 1083, ""num_parameters"": 0}"
ibmq,d6grp2e48nic73am8230,ibm_pittsburgh,Completed,2026-02-27 15:47:21.730304+00:00,2026-02-27 15:47:22.846443+00:00,2026-02-27 15:48:22.787617+00:00,59941.174,,,runtime_inputs,156,390,4470,3793,677,1,24,"{""sx"": 2060, ""rz"": 1682, ""cz"": 677, ""x"": 27, ""measure"": 24, ""barrier"": 1}",qiskit,390,1,2789,1682,0,"{""framework"": ""qiskit"", ""critical_path_length"": 390, ""connected_components"": 1, ""num_cliffords"": 2789, ""num_non_cliffords"": 1682, ""num_parameters"": 0}"
ibmq,d6gr05hkeb2s73bdqbl0,ibm_pittsburgh,Completed,2026-02-27 14:54:14.632562+00:00,2026-02-27 14:54:15.433222+00:00,2026-02-27 14:54:50.813197+00:00,35379.975,,,runtime_inputs,156,2,18,18,0,1,10,"{""measure"": 10, ""x"": 8, ""barrier"": 1}",qiskit,2,1,19,0,0,"{""framework"": ""qiskit"", ""critical_path_length"": 2, ""connected_components"": 1, ""num_cliffords"": 19, ""num_non_cliffords"": 0, ""num_parameters"": 0}"
ibmq,d6g7buekeflc73ah3fdg,ibm_fez,Completed,2026-02-26 16:34:02.003603+00:00,2026-02-26 16:52:41.631415+00:00,2026-02-26 16:55:02.710349+00:00,141078.934,,,runtime_inputs,156,473,4735,4012,723,1,24,"{""sx"": 2195, ""rz"": 1765, ""cz"": 723, ""x"": 28, ""measure"": 24, ""barrier"": 1}",qiskit,473,1,2971,1765,0,"{""framework"": ""qiskit"", ""critical_path_length"": 473, ""connected_components"": 1, ""num_cliffords"": 2971, ""num_non_cliffords"": 1765, ""num_parameters"": 0}"
ibmq,d6g6716keflc73ah22kg,ibm_fez,Completed,2026-02-26 15:15:16.612005+00:00,2026-02-26 15:21:03.872661+00:00,2026-02-26 15:22:01.892170+00:00,58019.509,,,runtime_inputs,156,394,4682,3975,707,1,24,"{""sx"": 2165, ""rz"": 1764, ""cz"": 707, ""measure"": 24, ""x"": 22, ""barrier"": 1}",qiskit,394,1,2919,1764,0,"{""framework"": ""qiskit"", ""critical_path_length"": 394, ""connected_components"": 1, ""num_cliffords"": 2919, ""num_non_cliffords"": 1764, ""num_parameters"": 0}"
ibmq,d6fhd8p54hss73bc5vt0,ibm_pittsburgh,Completed,2026-02-25 15:34:59.504842+00:00,2026-02-25 20:27:56.785120+00:00,2026-02-25 20:33:49.145951+00:00,352360.831,,,runtime_inputs,156,57,151,125,26,1,4,"{""sx"": 66, ""rz"": 53, ""cz"": 26, ""measure"": 4, ""x"": 2, ""barrier"": 1}",qiskit,57,1,99,53,0,"{""framework"": ""qiskit"", ""critical_path_length"": 57, ""connected_components"": 1, ""num_cliffords"": 99, ""num_non_cliffords"": 53, ""num_parameters"": 0}"
ibmq,d6fhd3vg4t5c73892k6g,ibm_fez,Completed,2026-02-25 15:34:39.100565+00:00,2026-02-25 15:34:44.210300+00:00,2026-02-25 15:35:22.593781+00:00,38383.481,,,runtime_inputs,156,56,149,123,26,1,4,"{""sx"": 65, ""rz"": 52, ""cz"": 26, ""measure"": 4, ""x"": 2, ""barrier"": 1}",qiskit,56,1,98,52,0,"{""framework"": ""qiskit"", ""critical_path_length"": 56, ""connected_components"": 1, ""num_cliffords"": 98, ""num_non_cliffords"": 52, ""num_parameters"": 0}"
ibmq,d6fgq2h7ce2c73fk33s0,ibm_fez,Completed,2026-02-25 14:54:02.336578+00:00,2026-02-25 15:29:07.184940+00:00,2026-02-25 15:29:42.956388+00:00,35771.448,,,runtime_inputs,156,582,16003,14127,1876,1,52,"{""sx"": 7060, ""rz"": 6980, ""cz"": 1876, ""measure"": 52, ""x"": 35, ""barrier"": 1}",qiskit,582,1,9024,6980,0,"{""framework"": ""qiskit"", ""critical_path_length"": 582, ""connected_components"": 1, ""num_cliffords"": 9024, ""num_non_cliffords"": 6980, ""num_parameters"": 0}"
ibmq,d6fglevg4t5c73891mj0,ibm_pittsburgh,Completed,2026-02-25 14:44:11.859798+00:00,2026-02-25 14:44:13.020911+00:00,2026-02-25 14:44:47.973828+00:00,34952.917,,,runtime_inputs,156,582,16003,14127,1876,1,52,"{""sx"": 7060, ""rz"": 6980, ""cz"": 1876, ""measure"": 52, ""x"": 35, ""barrier"": 1}",qiskit,582,1,9024,6980,0,"{""framework"": ""qiskit"", ""critical_path_length"": 582, ""connected_components"": 1, ""num_cliffords"": 9024, ""num_non_cliffords"": 6980, ""num_parameters"": 0}"
ibmq,d6et4ccnsg9c739d1lo0,ibm_torino,Completed,2026-02-24 16:30:42.002110+00:00,2026-02-24 16:30:43.071156+00:00,2026-02-24 16:30:46.669489+00:00,3598.3329999999996,,,runtime_inputs,133,64,124,109,15,0,16,"{""rz"": 62, ""sx"": 31, ""measure"": 16, ""cz"": 15}",qiskit,64,1,62,62,0,"{""framework"": ""qiskit"", ""critical_path_length"": 64, ""connected_components"": 1, ""num_cliffords"": 62, ""num_non_cliffords"": 62, ""num_parameters"": 0}"
ibmq,d6ess6fg4t5c7388ao1g,ibm_torino,Completed,2026-02-24 16:13:13.339776+00:00,2026-02-24 16:13:14.117214+00:00,2026-02-24 16:13:17.737204+00:00,3619.9900000000002,,,runtime_inputs,133,64,124,109,15,0,16,"{""rz"": 62, ""sx"": 31, ""measure"": 16, ""cz"": 15}",qiskit,64,1,62,62,0,"{""framework"": ""qiskit"", ""critical_path_length"": 64, ""connected_components"": 1, ""num_cliffords"": 62, ""num_non_cliffords"": 62, ""num_parameters"": 0}"
ibmq,d6esng7g4t5c7388aj20,ibm_torino,Completed,2026-02-24 16:03:12.972763+00:00,2026-02-24 16:03:25.340948+00:00,2026-02-24 16:03:47.419419+00:00,22078.471,,,runtime_inputs,133,64,124,109,15,0,16,"{""rz"": 62, ""sx"": 31, ""measure"": 16, ""cz"": 15}",qiskit,64,1,62,62,0,"{""framework"": ""qiskit"", ""critical_path_length"": 64, ""connected_components"": 1, ""num_cliffords"": 62, ""num_non_cliffords"": 62, ""num_parameters"": 0}"
ibmq,d6alltp7ce2c73fee490,ibm_torino,Completed,2026-02-18 06:23:51.615068+00:00,2026-02-18 10:55:45.120757+00:00,2026-02-18 10:55:55.654066+00:00,10533.309,,,runtime_inputs,133,32,60,53,7,0,8,"{""rz"": 30, ""sx"": 15, ""measure"": 8, ""cz"": 7}",qiskit,32,1,30,30,0,"{""framework"": ""qiskit"", ""critical_path_length"": 32, ""connected_components"": 1, ""num_cliffords"": 30, ""num_non_cliffords"": 30, ""num_parameters"": 0}"
ibmq,d6al0797ce2c73fede20,ibm_torino,Cancelled,2026-02-18 05:37:33.669768+00:00,,2026-02-18 05:55:34.475485+00:00,1988.574269,,,runtime_inputs,133,32,60,53,7,0,8,"{""rz"": 30, ""sx"": 15, ""measure"": 8, ""cz"": 7}",qiskit,32,1,30,30,0,"{""framework"": ""qiskit"", ""critical_path_length"": 32, ""connected_components"": 1, ""num_cliffords"": 30, ""num_non_cliffords"": 30, ""num_parameters"": 0}"
ibmq,d69qf0hd1ejc73c7u3i0,ibm_torino,Completed,2026-02-16 23:25:54.433026+00:00,2026-02-16 23:25:55.156868+00:00,2026-02-16 23:25:58.186231+00:00,3029.363,,,runtime_inputs,133,216,369,301,68,0,16,"{""sx"": 143, ""rz"": 142, ""cz"": 68, ""measure"": 16}",qiskit,216,1,227,142,0,"{""framework"": ""qiskit"", ""critical_path_length"": 216, ""connected_components"": 1, ""num_cliffords"": 227, ""num_non_cliffords"": 142, ""num_parameters"": 0}"
ibmq,d69p761d1ejc73c7snp0,ibm_torino,Completed,2026-02-16 22:00:56.413806+00:00,2026-02-16 22:00:57.672492+00:00,2026-02-16 22:01:01.684208+00:00,4011.716,,,runtime_inputs,133,223,375,304,71,0,16,"{""sx"": 149, ""rz"": 139, ""cz"": 71, ""measure"": 16}",qiskit,223,1,236,139,0,"{""framework"": ""qiskit"", ""critical_path_length"": 223, ""connected_components"": 1, ""num_cliffords"": 236, ""num_non_cliffords"": 139, ""num_parameters"": 0}"
ibmq,d692pghv6o8c73d7brjg,ibm_torino,Completed,2026-02-15 20:29:54.507261+00:00,2026-02-15 20:29:55.573606+00:00,2026-02-15 20:30:02.227026+00:00,6653.42,,,runtime_inputs,133,223,375,304,71,0,16,"{""sx"": 149, ""rz"": 139, ""cz"": 71, ""measure"": 16}",qiskit,223,1,236,139,0,"{""framework"": ""qiskit"", ""critical_path_length"": 223, ""connected_components"": 1, ""num_cliffords"": 236, ""num_non_cliffords"": 139, ""num_parameters"": 0}"
ibmq,d692i81v6o8c73d7bj6g,ibm_torino,Completed,2026-02-15 20:14:24.550465+00:00,2026-02-15 20:14:25.820131+00:00,2026-02-15 20:14:29.013731+00:00,3193.6,,,runtime_inputs,133,217,375,304,71,0,16,"{""sx"": 149, ""rz"": 139, ""cz"": 71, ""measure"": 16}",qiskit,217,1,236,139,0,"{""framework"": ""qiskit"", ""critical_path_length"": 217, ""connected_components"": 1, ""num_cliffords"": 236, ""num_non_cliffords"": 139, ""num_parameters"": 0}"
ibmq,d6924dje4kfs73d3msag,ibm_torino,Completed,2026-02-15 19:44:54.636665+00:00,2026-02-15 19:44:55.739812+00:00,2026-02-15 19:52:32.527650+00:00,456787.83800000005,,,runtime_inputs,133,211,375,304,71,0,16,"{""sx"": 149, ""rz"": 139, ""cz"": 71, ""measure"": 16}",qiskit,211,1,236,139,0,"{""framework"": ""qiskit"", ""critical_path_length"": 211, ""connected_components"": 1, ""num_cliffords"": 236, ""num_non_cliffords"": 139, ""num_parameters"": 0}"
ibmq,d691sulbujdc73d1m9pg,ibm_torino,Completed,2026-02-15 19:28:58.889926+00:00,2026-02-15 19:29:00.089728+00:00,2026-02-15 19:29:03.595212+00:00,3505.484,,,runtime_inputs,133,217,375,304,71,0,16,"{""sx"": 149, ""rz"": 139, ""cz"": 71, ""measure"": 16}",qiskit,217,1,236,139,0,"{""framework"": ""qiskit"", ""critical_path_length"": 217, ""connected_components"": 1, ""num_cliffords"": 236, ""num_non_cliffords"": 139, ""num_parameters"": 0}"
ibmq,d6699t3e4kfs73d0dkl0,ibm_pittsburgh,Completed,2026-02-11 14:40:52.652080+00:00,2026-02-11 14:40:53.639125+00:00,2026-02-11 14:41:11.589368+00:00,17950.243000000002,,,runtime_inputs,156,5,8,8,0,1,4,"{""measure"": 4, ""sx"": 2, ""rz"": 2, ""barrier"": 1}",qiskit,5,1,7,2,0,"{""framework"": ""qiskit"", ""critical_path_length"": 5, ""connected_components"": 1, ""num_cliffords"": 7, ""num_non_cliffords"": 2, ""num_parameters"": 0}"
ibmq,d64fah3traac73bico6g,ibm_torino,Completed,2026-02-08 20:42:44.449124+00:00,2026-02-08 20:42:45.481376+00:00,2026-02-08 20:42:49.284909+00:00,3803.533,,,runtime_inputs,133,32,60,53,7,0,8,"{""rz"": 30, ""sx"": 15, ""measure"": 8, ""cz"": 7}",qiskit,32,1,30,30,0,"{""framework"": ""qiskit"", ""critical_path_length"": 32, ""connected_components"": 1, ""num_cliffords"": 30, ""num_non_cliffords"": 30, ""num_parameters"": 0}"
ibmq,d64e7ivs6ggc73fj0cog,ibm_torino,Completed,2026-02-08 19:28:11.545282+00:00,2026-02-08 19:28:12.282733+00:00,2026-02-08 19:28:15.452146+00:00,3169.413,,,runtime_inputs,133,32,60,53,7,0,8,"{""rz"": 30, ""sx"": 15, ""measure"": 8, ""cz"": 7}",qiskit,32,1,30,30,0,"{""framework"": ""qiskit"", ""critical_path_length"": 32, ""connected_components"": 1, ""num_cliffords"": 30, ""num_non_cliffords"": 30, ""num_parameters"": 0}"
ibmq,d64dlhbc4tus73ffls00,ibm_torino,Completed,2026-02-08 18:49:41.865075+00:00,2026-02-08 18:49:42.852816+00:00,2026-02-08 18:49:46.631304+00:00,3778.488,,,runtime_inputs,133,32,60,53,7,0,8,"{""rz"": 30, ""sx"": 15, ""measure"": 8, ""cz"": 7}",qiskit,32,1,30,30,0,"{""framework"": ""qiskit"", ""critical_path_length"": 32, ""connected_components"": 1, ""num_cliffords"": 30, ""num_non_cliffords"": 30, ""num_parameters"": 0}"
ibmq,d64d94jc4tus73ffl7gg,ibm_torino,Completed,2026-02-08 18:23:14.318771+00:00,2026-02-08 18:23:15.079574+00:00,2026-02-08 18:23:35.536794+00:00,20457.22,,,runtime_inputs,133,32,60,53,7,0,8,"{""rz"": 30, ""sx"": 15, ""measure"": 8, ""cz"": 7}",qiskit,32,1,30,30,0,"{""framework"": ""qiskit"", ""critical_path_length"": 32, ""connected_components"": 1, ""num_cliffords"": 30, ""num_non_cliffords"": 30, ""num_parameters"": 0}"
ibmq,d634p0jtraac73bgr33g,ibm_torino,Completed,2026-02-06 20:18:11.006566+00:00,2026-02-06 20:18:11.864611+00:00,2026-02-06 20:18:15.205578+00:00,3340.967,,,runtime_inputs,133,64,124,109,15,0,16,"{""rz"": 62, ""sx"": 31, ""measure"": 16, ""cz"": 15}",qiskit,64,1,62,62,0,"{""framework"": ""qiskit"", ""critical_path_length"": 64, ""connected_components"": 1, ""num_cliffords"": 62, ""num_non_cliffords"": 62, ""num_parameters"": 0}"
ibmq,d61psojtraac73bf9jqg,ibm_pittsburgh,Completed,2026-02-04 19:30:42.564679+00:00,2026-02-04 19:30:43.313725+00:00,2026-02-04 19:30:48.175987+00:00,4862.262000000001,,,runtime_inputs,156,5,13,13,0,1,4,"{""rz"": 4, ""measure"": 4, ""sx"": 3, ""x"": 2, ""barrier"": 1}",qiskit,5,1,10,4,0,"{""framework"": ""qiskit"", ""critical_path_length"": 5, ""connected_components"": 1, ""num_cliffords"": 10, ""num_non_cliffords"": 4, ""num_parameters"": 0}"
ibmq,d61pi4btraac73bf9710,ibm_pittsburgh,Completed,2026-02-04 19:08:01.933034+00:00,2026-02-04 19:08:03.044817+00:00,2026-02-04 19:08:08.004345+00:00,4959.527999999999,,,runtime_inputs,156,5,13,13,0,1,4,"{""rz"": 4, ""measure"": 4, ""sx"": 3, ""x"": 2, ""barrier"": 1}",qiskit,5,1,10,4,0,"{""framework"": ""qiskit"", ""critical_path_length"": 5, ""connected_components"": 1, ""num_cliffords"": 10, ""num_non_cliffords"": 4, ""num_parameters"": 0}"
ibmq,d61mur3traac73bf5ru0,ibm_pittsburgh,Completed,2026-02-04 16:10:20.664086+00:00,2026-02-04 16:10:21.384152+00:00,2026-02-04 16:10:25.951488+00:00,4567.336,,,runtime_inputs,156,5,13,13,0,1,4,"{""rz"": 4, ""measure"": 4, ""sx"": 3, ""x"": 2, ""barrier"": 1}",qiskit,5,1,10,4,0,"{""framework"": ""qiskit"", ""critical_path_length"": 5, ""connected_components"": 1, ""num_cliffords"": 10, ""num_non_cliffords"": 4, ""num_parameters"": 0}"
ibmq,d61mu33c4tus73fcf52g,ibm_pittsburgh,Completed,2026-02-04 16:08:44.980403+00:00,2026-02-04 16:08:45.521784+00:00,2026-02-04 16:08:59.434068+00:00,13912.284,,,runtime_inputs,156,5,13,13,0,1,4,"{""rz"": 4, ""measure"": 4, ""sx"": 3, ""x"": 2, ""barrier"": 1}",qiskit,5,1,10,4,0,"{""framework"": ""qiskit"", ""critical_path_length"": 5, ""connected_components"": 1, ""num_cliffords"": 10, ""num_non_cliffords"": 4, ""num_parameters"": 0}"
ibmq,d61lfcns6ggc73ffoo20,ibm_miami,Completed,2026-02-04 14:29:07.044028+00:00,2026-02-04 14:29:07.633528+00:00,2026-02-04 14:29:15.067078+00:00,7433.55,,,runtime_inputs,120,32,60,53,7,0,8,"{""rz"": 30, ""sx"": 15, ""measure"": 8, ""cz"": 7}",qiskit,32,1,30,30,0,"{""framework"": ""qiskit"", ""critical_path_length"": 32, ""connected_components"": 1, ""num_cliffords"": 30, ""num_non_cliffords"": 30, ""num_parameters"": 0}"
ibmq,d5v3dit7fc0s73atie50,ibm_miami,Cancelled,2026-01-31 17:07:23.654690+00:00,,2026-01-31 17:47:07.963075+00:00,2253.568504,,,runtime_inputs,120,32,60,53,7,0,8,"{""rz"": 30, ""sx"": 15, ""measure"": 8, ""cz"": 7}",qiskit,32,1,30,30,0,"{""framework"": ""qiskit"", ""critical_path_length"": 32, ""connected_components"": 1, ""num_cliffords"": 30, ""num_non_cliffords"": 30, ""num_parameters"": 0}"
ibmq,d5v3acabju6s73bbd5bg,ibm_miami,Cancelled,2026-01-31 17:00:33.456259+00:00,,2026-01-31 17:01:04.967475+00:00,2187.006238,,37c76e2a-7a4a-4299-9e17-2f596546dc80,runtime_inputs,120,32,60,53,7,0,8,"{""rz"": 30, ""sx"": 15, ""measure"": 8, ""cz"": 7}",qiskit,32,1,30,30,0,"{""framework"": ""qiskit"", ""critical_path_length"": 32, ""connected_components"": 1, ""num_cliffords"": 30, ""num_non_cliffords"": 30, ""num_parameters"": 0}"
ibmq,d5v36f57fc0s73ati690,ibm_miami,Cancelled,2026-01-31 16:52:12.743594+00:00,,2026-01-31 17:01:02.200977+00:00,2187.006238,,ebbe4f61-0384-48e9-bc71-1151bd2ad1fc,runtime_inputs,120,32,60,53,7,0,8,"{""rz"": 30, ""sx"": 15, ""measure"": 8, ""cz"": 7}",qiskit,32,1,30,30,0,"{""framework"": ""qiskit"", ""critical_path_length"": 32, ""connected_components"": 1, ""num_cliffords"": 30, ""num_non_cliffords"": 30, ""num_parameters"": 0}"
ibmq,d5uo5c4bmr9c739ohc2g,ibm_miami,Failed,2026-01-31 04:18:57.217850+00:00,,2026-01-31 04:18:57.666601+00:00,4064.091405,,,runtime_inputs,120,32,60,53,7,0,8,"{""rz"": 30, ""sx"": 15, ""measure"": 8, ""cz"": 7}",qiskit,32,1,30,30,0,"{""framework"": ""qiskit"", ""critical_path_length"": 32, ""connected_components"": 1, ""num_cliffords"": 30, ""num_non_cliffords"": 30, ""num_parameters"": 0}"
ibmq,d5bvqr3ht8fs73a72q80,ibm_boston,Completed,2026-01-02 17:16:28.939700+00:00,2026-01-02 17:16:29.346666+00:00,2026-01-02 17:20:15.359030+00:00,226012.364,,,runtime_inputs,156,22477,36780,27453,9327,1,12,"{""sx"": 16768, ""rz"": 10535, ""cz"": 9327, ""x"": 138, ""measure"": 12, ""barrier"": 1}",qiskit,22477,1,26246,10535,0,"{""framework"": ""qiskit"", ""critical_path_length"": 22477, ""connected_components"": 1, ""num_cliffords"": 26246, ""num_non_cliffords"": 10535, ""num_parameters"": 0}"
ibmq,d5bvot3ht8fs73a72ofg,ibm_boston,Completed,2026-01-02 17:12:20.274799+00:00,2026-01-02 17:12:21.288959+00:00,2026-01-02 17:16:27.259274+00:00,245970.315,,,runtime_inputs,156,24559,39487,30160,9327,1,12,"{""sx"": 16771, ""rz"": 13239, ""cz"": 9327, ""x"": 138, ""measure"": 12, ""barrier"": 1}",qiskit,24559,1,26249,13239,4,"{""framework"": ""qiskit"", ""critical_path_length"": 24559, ""connected_components"": 1, ""num_cliffords"": 26249, ""num_non_cliffords"": 13239, ""num_parameters"": 4}"
ibmq,d5bvmugnsj9s73b92170,ibm_boston,Completed,2026-01-02 17:08:10.459000+00:00,2026-01-02 17:08:11.286910+00:00,2026-01-02 17:12:17.096220+00:00,245809.31,,,runtime_inputs,156,24559,39487,30160,9327,1,12,"{""sx"": 16771, ""rz"": 13239, ""cz"": 9327, ""x"": 138, ""measure"": 12, ""barrier"": 1}",qiskit,24559,1,26249,13239,4,"{""framework"": ""qiskit"", ""critical_path_length"": 24559, ""connected_components"": 1, ""num_cliffords"": 26249, ""num_non_cliffords"": 13239, ""num_parameters"": 4}"
ibmq,d5bvktvp3tbc73auh7d0,ibm_boston,Completed,2026-01-02 17:03:51.295113+00:00,2026-01-02 17:03:52.014789+00:00,2026-01-02 17:08:08.574401+00:00,256559.61200000002,,,runtime_inputs,156,24559,39487,30160,9327,1,12,"{""sx"": 16771, ""rz"": 13239, ""cz"": 9327, ""x"": 138, ""measure"": 12, ""barrier"": 1}",qiskit,24559,1,26249,13239,4,"{""framework"": ""qiskit"", ""critical_path_length"": 24559, ""connected_components"": 1, ""num_cliffords"": 26249, ""num_non_cliffords"": 13239, ""num_parameters"": 4}"
ibmq,d5bvitfp3tbc73auh5fg,ibm_boston,Completed,2026-01-02 16:59:33.900469+00:00,2026-01-02 16:59:34.669855+00:00,2026-01-02 17:03:49.274883+00:00,254605.028,,,runtime_inputs,156,24559,39487,30160,9327,1,12,"{""sx"": 16771, ""rz"": 13239, ""cz"": 9327, ""x"": 138, ""measure"": 12, ""barrier"": 1}",qiskit,24559,1,26249,13239,4,"{""framework"": ""qiskit"", ""critical_path_length"": 24559, ""connected_components"": 1, ""num_cliffords"": 26249, ""num_non_cliffords"": 13239, ""num_parameters"": 4}"
ibmq,d5bvgv0nsj9s73b91rfg,ibm_boston,Completed,2026-01-02 16:55:24.685298+00:00,2026-01-02 16:55:25.857724+00:00,2026-01-02 16:59:31.599768+00:00,245742.044,,,runtime_inputs,156,24559,39487,30160,9327,1,12,"{""sx"": 16771, ""rz"": 13239, ""cz"": 9327, ""x"": 138, ""measure"": 12, ""barrier"": 1}",qiskit,24559,1,26249,13239,4,"{""framework"": ""qiskit"", ""critical_path_length"": 24559, ""connected_components"": 1, ""num_cliffords"": 26249, ""num_non_cliffords"": 13239, ""num_parameters"": 4}"
ibmq,d5bvf0jht8fs73a72f9g,ibm_boston,Completed,2026-01-02 16:51:14.720705+00:00,2026-01-02 16:51:15.548627+00:00,2026-01-02 16:55:22.560345+00:00,247011.718,,,runtime_inputs,156,24559,39487,30160,9327,1,12,"{""sx"": 16771, ""rz"": 13239, ""cz"": 9327, ""x"": 138, ""measure"": 12, ""barrier"": 1}",qiskit,24559,1,26249,13239,4,"{""framework"": ""qiskit"", ""critical_path_length"": 24559, ""connected_components"": 1, ""num_cliffords"": 26249, ""num_non_cliffords"": 13239, ""num_parameters"": 4}"
ibmq,d5bvd28nsj9s73b91nk0,ibm_boston,Completed,2026-01-02 16:47:05.252709+00:00,2026-01-02 16:47:05.976540+00:00,2026-01-02 16:51:12.615205+00:00,246638.665,,,runtime_inputs,156,24559,39487,30160,9327,1,12,"{""sx"": 16771, ""rz"": 13239, ""cz"": 9327, ""x"": 138, ""measure"": 12, ""barrier"": 1}",qiskit,24559,1,26249,13239,4,"{""framework"": ""qiskit"", ""critical_path_length"": 24559, ""connected_components"": 1, ""num_cliffords"": 26249, ""num_non_cliffords"": 13239, ""num_parameters"": 4}"
ibmq,d5bvb3np3tbc73augtrg,ibm_boston,Completed,2026-01-02 16:42:54.705357+00:00,2026-01-02 16:42:55.354109+00:00,2026-01-02 16:47:03.574806+00:00,248220.69700000001,,,runtime_inputs,156,24559,39487,30160,9327,1,12,"{""sx"": 16771, ""rz"": 13239, ""cz"": 9327, ""x"": 138, ""measure"": 12, ""barrier"": 1}",qiskit,24559,1,26249,13239,4,"{""framework"": ""qiskit"", ""critical_path_length"": 24559, ""connected_components"": 1, ""num_cliffords"": 26249, ""num_non_cliffords"": 13239, ""num_parameters"": 4}"
ibmq,d5bv94bht8fs73a729g0,ibm_boston,Completed,2026-01-02 16:38:41.734761+00:00,2026-01-02 16:38:42.492073+00:00,2026-01-02 16:42:52.449780+00:00,249957.707,,,runtime_inputs,156,24559,39487,30160,9327,1,12,"{""sx"": 16771, ""rz"": 13239, ""cz"": 9327, ""x"": 138, ""measure"": 12, ""barrier"": 1}",qiskit,24559,1,26249,13239,4,"{""framework"": ""qiskit"", ""critical_path_length"": 24559, ""connected_components"": 1, ""num_cliffords"": 26249, ""num_non_cliffords"": 13239, ""num_parameters"": 4}"
ibmq,d5bv75np3tbc73augqa0,ibm_boston,Completed,2026-01-02 16:34:30.272590+00:00,2026-01-02 16:34:31.373283+00:00,2026-01-02 16:38:38.578604+00:00,247205.321,,,runtime_inputs,156,24559,39487,30160,9327,1,12,"{""sx"": 16771, ""rz"": 13239, ""cz"": 9327, ""x"": 138, ""measure"": 12, ""barrier"": 1}",qiskit,24559,1,26249,13239,4,"{""framework"": ""qiskit"", ""critical_path_length"": 24559, ""connected_components"": 1, ""num_cliffords"": 26249, ""num_non_cliffords"": 13239, ""num_parameters"": 4}"
ibmq,d5bv56hsmlfc739mssbg,ibm_boston,Completed,2026-01-02 16:30:19.409135+00:00,2026-01-02 16:30:20.122222+00:00,2026-01-02 16:34:28.346034+00:00,248223.812,,,runtime_inputs,156,24559,39487,30160,9327,1,12,"{""sx"": 16771, ""rz"": 13239, ""cz"": 9327, ""x"": 138, ""measure"": 12, ""barrier"": 1}",qiskit,24559,1,26249,13239,4,"{""framework"": ""qiskit"", ""critical_path_length"": 24559, ""connected_components"": 1, ""num_cliffords"": 26249, ""num_non_cliffords"": 13239, ""num_parameters"": 4}"
ibmq,d5bv381smlfc739msqk0,ibm_boston,Completed,2026-01-02 16:26:09.555527+00:00,2026-01-02 16:26:10.396123+00:00,2026-01-02 16:30:16.553813+00:00,246157.69,,,runtime_inputs,156,24559,39487,30160,9327,1,12,"{""sx"": 16771, ""rz"": 13239, ""cz"": 9327, ""x"": 138, ""measure"": 12, ""barrier"": 1}",qiskit,24559,1,26249,13239,4,"{""framework"": ""qiskit"", ""critical_path_length"": 24559, ""connected_components"": 1, ""num_cliffords"": 26249, ""num_non_cliffords"": 13239, ""num_parameters"": 4}"
ibmq,d5bv191smlfc739msos0,ibm_boston,Completed,2026-01-02 16:21:56.419006+00:00,2026-01-02 16:21:57.160223+00:00,2026-01-02 16:26:06.529646+00:00,249369.423,,,runtime_inputs,156,24559,39487,30160,9327,1,12,"{""sx"": 16771, ""rz"": 13239, ""cz"": 9327, ""x"": 138, ""measure"": 12, ""barrier"": 1}",qiskit,24559,1,26249,13239,4,"{""framework"": ""qiskit"", ""critical_path_length"": 24559, ""connected_components"": 1, ""num_cliffords"": 26249, ""num_non_cliffords"": 13239, ""num_parameters"": 4}"
ibmq,d5buvaonsj9s73b91am0,ibm_boston,Completed,2026-01-02 16:17:47.178279+00:00,2026-01-02 16:17:48.484592+00:00,2026-01-02 16:21:54.650097+00:00,246165.505,,,runtime_inputs,156,24559,39487,30160,9327,1,12,"{""sx"": 16771, ""rz"": 13239, ""cz"": 9327, ""x"": 138, ""measure"": 12, ""barrier"": 1}",qiskit,24559,1,26249,13239,4,"{""framework"": ""qiskit"", ""critical_path_length"": 24559, ""connected_components"": 1, ""num_cliffords"": 26249, ""num_non_cliffords"": 13239, ""num_parameters"": 4}"
ibmq,d5butb0nsj9s73b918rg,ibm_boston,Completed,2026-01-02 16:13:32.922997+00:00,2026-01-02 16:13:33.777708+00:00,2026-01-02 16:17:45.290143+00:00,251512.435,,,runtime_inputs,156,24559,39487,30160,9327,1,12,"{""sx"": 16771, ""rz"": 13239, ""cz"": 9327, ""x"": 138, ""measure"": 12, ""barrier"": 1}",qiskit,24559,1,26249,13239,4,"{""framework"": ""qiskit"", ""critical_path_length"": 24559, ""connected_components"": 1, ""num_cliffords"": 26249, ""num_non_cliffords"": 13239, ""num_parameters"": 4}"
ibmq,d5bur8np3tbc73augfjg,ibm_boston,Completed,2026-01-02 16:09:06.997358+00:00,2026-01-02 16:09:08.126001+00:00,2026-01-02 16:13:30.436863+00:00,262310.86199999996,,,runtime_inputs,156,24559,39487,30160,9327,1,12,"{""sx"": 16771, ""rz"": 13239, ""cz"": 9327, ""x"": 138, ""measure"": 12, ""barrier"": 1}",qiskit,24559,1,26249,13239,4,"{""framework"": ""qiskit"", ""critical_path_length"": 24559, ""connected_components"": 1, ""num_cliffords"": 26249, ""num_non_cliffords"": 13239, ""num_parameters"": 4}"
ibmq,d5bupafp3tbc73augdpg,ibm_boston,Completed,2026-01-02 16:04:57.733793+00:00,2026-01-02 16:04:58.098886+00:00,2026-01-02 16:09:04.875870+00:00,246776.984,,,runtime_inputs,156,24559,39487,30160,9327,1,12,"{""sx"": 16771, ""rz"": 13239, ""cz"": 9327, ""x"": 138, ""measure"": 12, ""barrier"": 1}",qiskit,24559,1,26249,13239,4,"{""framework"": ""qiskit"", ""critical_path_length"": 24559, ""connected_components"": 1, ""num_cliffords"": 26249, ""num_non_cliffords"": 13239, ""num_parameters"": 4}"
ibmq,d5buncgnsj9s73b913f0,ibm_boston,Completed,2026-01-02 16:00:50.148263+00:00,2026-01-02 16:00:50.860270+00:00,2026-01-02 16:04:55.835002+00:00,244974.732,,,runtime_inputs,156,24559,39487,30160,9327,1,12,"{""sx"": 16771, ""rz"": 13239, ""cz"": 9327, ""x"": 138, ""measure"": 12, ""barrier"": 1}",qiskit,24559,1,26249,13239,4,"{""framework"": ""qiskit"", ""critical_path_length"": 24559, ""connected_components"": 1, ""num_cliffords"": 26249, ""num_non_cliffords"": 13239, ""num_parameters"": 4}"
ibmq,d5bulebht8fs73a71nkg,ibm_boston,Completed,2026-01-02 15:56:41.862250+00:00,2026-01-02 15:56:42.302516+00:00,2026-01-02 16:00:48.292928+00:00,245990.41199999998,,,runtime_inputs,156,24559,39487,30160,9327,1,12,"{""sx"": 16771, ""rz"": 13239, ""cz"": 9327, ""x"": 138, ""measure"": 12, ""barrier"": 1}",qiskit,24559,1,26249,13239,4,"{""framework"": ""qiskit"", ""critical_path_length"": 24559, ""connected_components"": 1, ""num_cliffords"": 26249, ""num_non_cliffords"": 13239, ""num_parameters"": 4}"
ibmq,d5buje9smlfc739mscfg,ibm_boston,Completed,2026-01-02 15:52:25.722529+00:00,2026-01-02 15:52:26.570237+00:00,2026-01-02 15:56:39.493072+00:00,252922.835,,,runtime_inputs,156,24559,39487,30160,9327,1,12,"{""sx"": 16771, ""rz"": 13239, ""cz"": 9327, ""x"": 138, ""measure"": 12, ""barrier"": 1}",qiskit,24559,1,26249,13239,4,"{""framework"": ""qiskit"", ""critical_path_length"": 24559, ""connected_components"": 1, ""num_cliffords"": 26249, ""num_non_cliffords"": 13239, ""num_parameters"": 4}"
ibmq,d5buhb9smlfc739msakg,ibm_boston,Completed,2026-01-02 15:47:57.288052+00:00,2026-01-02 15:47:58.304804+00:00,2026-01-02 15:52:23.920401+00:00,265615.59699999995,,,runtime_inputs,156,24559,39487,30160,9327,1,12,"{""sx"": 16771, ""rz"": 13239, ""cz"": 9327, ""x"": 138, ""measure"": 12, ""barrier"": 1}",qiskit,24559,1,26249,13239,4,"{""framework"": ""qiskit"", ""critical_path_length"": 24559, ""connected_components"": 1, ""num_cliffords"": 26249, ""num_non_cliffords"": 13239, ""num_parameters"": 4}"
ibmq,d5bufd3ht8fs73a71i60,ibm_boston,Completed,2026-01-02 15:43:48.338360+00:00,2026-01-02 15:43:49.400211+00:00,2026-01-02 15:47:55.447795+00:00,246047.584,,,runtime_inputs,156,24559,39487,30160,9327,1,12,"{""sx"": 16771, ""rz"": 13239, ""cz"": 9327, ""x"": 138, ""measure"": 12, ""barrier"": 1}",qiskit,24559,1,26249,13239,4,"{""framework"": ""qiskit"", ""critical_path_length"": 24559, ""connected_components"": 1, ""num_cliffords"": 26249, ""num_non_cliffords"": 13239, ""num_parameters"": 4}"
ibmq,d5bude1smlfc739ms73g,ibm_boston,Completed,2026-01-02 15:39:36.687000+00:00,2026-01-02 15:39:37.686502+00:00,2026-01-02 15:43:46.090718+00:00,248404.216,,,runtime_inputs,156,24559,39487,30160,9327,1,12,"{""sx"": 16771, ""rz"": 13239, ""cz"": 9327, ""x"": 138, ""measure"": 12, ""barrier"": 1}",qiskit,24559,1,26249,13239,4,"{""framework"": ""qiskit"", ""critical_path_length"": 24559, ""connected_components"": 1, ""num_cliffords"": 26249, ""num_non_cliffords"": 13239, ""num_parameters"": 4}"
ibmq,d5bubfrht8fs73a71ekg,ibm_boston,Completed,2026-01-02 15:35:27.956808+00:00,2026-01-02 15:35:28.776123+00:00,2026-01-02 15:39:34.939510+00:00,246163.387,,,runtime_inputs,156,24559,39487,30160,9327,1,12,"{""sx"": 16771, ""rz"": 13239, ""cz"": 9327, ""x"": 138, ""measure"": 12, ""barrier"": 1}",qiskit,24559,1,26249,13239,4,"{""framework"": ""qiskit"", ""critical_path_length"": 24559, ""connected_components"": 1, ""num_cliffords"": 26249, ""num_non_cliffords"": 13239, ""num_parameters"": 4}"
ibmq,d5bu9gonsj9s73b90mhg,ibm_boston,Completed,2026-01-02 15:31:15.915396+00:00,2026-01-02 15:31:16.518562+00:00,2026-01-02 15:35:26.080365+00:00,249561.80299999999,,,runtime_inputs,156,24559,39487,30160,9327,1,12,"{""sx"": 16771, ""rz"": 13239, ""cz"": 9327, ""x"": 138, ""measure"": 12, ""barrier"": 1}",qiskit,24559,1,26249,13239,4,"{""framework"": ""qiskit"", ""critical_path_length"": 24559, ""connected_components"": 1, ""num_cliffords"": 26249, ""num_non_cliffords"": 13239, ""num_parameters"": 4}"
ibmq,d5bu7ivp3tbc73auftn0,ibm_boston,Completed,2026-01-02 15:27:07.435540+00:00,2026-01-02 15:27:08.145430+00:00,2026-01-02 15:31:13.852347+00:00,245706.91700000002,,,runtime_inputs,156,24559,39487,30160,9327,1,12,"{""sx"": 16771, ""rz"": 13239, ""cz"": 9327, ""x"": 138, ""measure"": 12, ""barrier"": 1}",qiskit,24559,1,26249,13239,4,"{""framework"": ""qiskit"", ""critical_path_length"": 24559, ""connected_components"": 1, ""num_cliffords"": 26249, ""num_non_cliffords"": 13239, ""num_parameters"": 4}"
ibmq,d5bu5ionsj9s73b90is0,ibm_boston,Completed,2026-01-02 15:22:51.644099+00:00,2026-01-02 15:22:52.992999+00:00,2026-01-02 15:27:05.722687+00:00,252729.68800000002,,,runtime_inputs,156,24559,39487,30160,9327,1,12,"{""sx"": 16771, ""rz"": 13239, ""cz"": 9327, ""x"": 138, ""measure"": 12, ""barrier"": 1}",qiskit,24559,1,26249,13239,4,"{""framework"": ""qiskit"", ""critical_path_length"": 24559, ""connected_components"": 1, ""num_cliffords"": 26249, ""num_non_cliffords"": 13239, ""num_parameters"": 4}"
ibmq,d5bu3k9smlfc739mru4g,ibm_boston,Completed,2026-01-02 15:18:41.237184+00:00,2026-01-02 15:18:42.012294+00:00,2026-01-02 15:22:49.702355+00:00,247690.061,,,runtime_inputs,156,24559,39487,30160,9327,1,12,"{""sx"": 16771, ""rz"": 13239, ""cz"": 9327, ""x"": 138, ""measure"": 12, ""barrier"": 1}",qiskit,24559,1,26249,13239,4,"{""framework"": ""qiskit"", ""critical_path_length"": 24559, ""connected_components"": 1, ""num_cliffords"": 26249, ""num_non_cliffords"": 13239, ""num_parameters"": 4}"
ibmq,d5bu1ljht8fs73a715lg,ibm_boston,Completed,2026-01-02 15:14:31.608250+00:00,2026-01-02 15:14:32.366760+00:00,2026-01-02 15:18:38.677247+00:00,246310.487,,,runtime_inputs,156,24559,39487,30160,9327,1,12,"{""sx"": 16771, ""rz"": 13239, ""cz"": 9327, ""x"": 138, ""measure"": 12, ""barrier"": 1}",qiskit,24559,1,26249,13239,4,"{""framework"": ""qiskit"", ""critical_path_length"": 24559, ""connected_components"": 1, ""num_cliffords"": 26249, ""num_non_cliffords"": 13239, ""num_parameters"": 4}"
ibmq,d5btvn8nsj9s73b90dm0,ibm_boston,Completed,2026-01-02 15:10:21.144724+00:00,2026-01-02 15:10:22.303990+00:00,2026-01-02 15:14:28.130546+00:00,245826.556,,,runtime_inputs,156,24559,39487,30160,9327,1,12,"{""sx"": 16771, ""rz"": 13239, ""cz"": 9327, ""x"": 138, ""measure"": 12, ""barrier"": 1}",qiskit,24559,1,26249,13239,4,"{""framework"": ""qiskit"", ""critical_path_length"": 24559, ""connected_components"": 1, ""num_cliffords"": 26249, ""num_non_cliffords"": 13239, ""num_parameters"": 4}"
ibmq,d5bttojht8fs73a71260,ibm_boston,Completed,2026-01-02 15:06:10.394132+00:00,2026-01-02 15:06:12.292906+00:00,2026-01-02 15:10:18.660362+00:00,246367.456,,,runtime_inputs,156,24559,39487,30160,9327,1,12,"{""sx"": 16771, ""rz"": 13239, ""cz"": 9327, ""x"": 138, ""measure"": 12, ""barrier"": 1}",qiskit,24559,1,26249,13239,4,"{""framework"": ""qiskit"", ""critical_path_length"": 24559, ""connected_components"": 1, ""num_cliffords"": 26249, ""num_non_cliffords"": 13239, ""num_parameters"": 4}"
ibmq,d5btrivp3tbc73aufiv0,ibm_boston,Completed,2026-01-02 15:01:31.110170+00:00,2026-01-02 15:01:31.529941+00:00,2026-01-02 15:06:08.546747+00:00,277016.806,,,runtime_inputs,156,24559,39487,30160,9327,1,12,"{""sx"": 16771, ""rz"": 13239, ""cz"": 9327, ""x"": 138, ""measure"": 12, ""barrier"": 1}",qiskit,24559,1,26249,13239,4,"{""framework"": ""qiskit"", ""critical_path_length"": 24559, ""connected_components"": 1, ""num_cliffords"": 26249, ""num_non_cliffords"": 13239, ""num_parameters"": 4}"
ibmq,d5btpkfp3tbc73aufh80,ibm_boston,Completed,2026-01-02 14:57:21.084376+00:00,2026-01-02 14:57:21.841054+00:00,2026-01-02 15:01:27.982645+00:00,246141.59100000001,,,runtime_inputs,156,24559,39487,30160,9327,1,12,"{""sx"": 16771, ""rz"": 13239, ""cz"": 9327, ""x"": 138, ""measure"": 12, ""barrier"": 1}",qiskit,24559,1,26249,13239,4,"{""framework"": ""qiskit"", ""critical_path_length"": 24559, ""connected_components"": 1, ""num_cliffords"": 26249, ""num_non_cliffords"": 13239, ""num_parameters"": 4}"
ibmq,d5btnl9smlfc739mrjg0,ibm_boston,Completed,2026-01-02 14:53:09.400978+00:00,2026-01-02 14:53:10.323427+00:00,2026-01-02 14:57:19.030450+00:00,248707.023,,,runtime_inputs,156,24559,39487,30160,9327,1,12,"{""sx"": 16771, ""rz"": 13239, ""cz"": 9327, ""x"": 138, ""measure"": 12, ""barrier"": 1}",qiskit,24559,1,26249,13239,4,"{""framework"": ""qiskit"", ""critical_path_length"": 24559, ""connected_components"": 1, ""num_cliffords"": 26249, ""num_non_cliffords"": 13239, ""num_parameters"": 4}"
ibmq,d5btlg0nsj9s73b9045g,ibm_boston,Completed,2026-01-02 14:48:32.565057+00:00,2026-01-02 14:48:33.595680+00:00,2026-01-02 14:53:06.524601+00:00,272928.92100000003,,,runtime_inputs,156,24559,39487,30160,9327,1,12,"{""sx"": 16771, ""rz"": 13239, ""cz"": 9327, ""x"": 138, ""measure"": 12, ""barrier"": 1}",qiskit,24559,1,26249,13239,4,"{""framework"": ""qiskit"", ""critical_path_length"": 24559, ""connected_components"": 1, ""num_cliffords"": 26249, ""num_non_cliffords"": 13239, ""num_parameters"": 4}"
ibmq,d5btjg3ht8fs73a70opg,ibm_boston,Completed,2026-01-02 14:44:16.084163+00:00,2026-01-02 14:44:16.866534+00:00,2026-01-02 14:48:30.216530+00:00,253349.996,,,runtime_inputs,156,24559,39487,30160,9327,1,12,"{""sx"": 16771, ""rz"": 13239, ""cz"": 9327, ""x"": 138, ""measure"": 12, ""barrier"": 1}",qiskit,24559,1,26249,13239,4,"{""framework"": ""qiskit"", ""critical_path_length"": 24559, ""connected_components"": 1, ""num_cliffords"": 26249, ""num_non_cliffords"": 13239, ""num_parameters"": 4}"
ibmq,d5bthe0nsj9s73b900ag,ibm_boston,Completed,2026-01-02 14:39:52.896359+00:00,2026-01-02 14:39:53.817130+00:00,2026-01-02 14:44:14.419614+00:00,260602.484,,,runtime_inputs,156,24559,39487,30160,9327,1,12,"{""sx"": 16771, ""rz"": 13239, ""cz"": 9327, ""x"": 138, ""measure"": 12, ""barrier"": 1}",qiskit,24559,1,26249,13239,4,"{""framework"": ""qiskit"", ""critical_path_length"": 24559, ""connected_components"": 1, ""num_cliffords"": 26249, ""num_non_cliffords"": 13239, ""num_parameters"": 4}"
ibmq,d5btfa8nsj9s73b8vud0,ibm_boston,Completed,2026-01-02 14:35:21.620232+00:00,2026-01-02 14:35:22.377617+00:00,2026-01-02 14:39:51.215688+00:00,268838.071,,,runtime_inputs,156,24559,39487,30160,9327,1,12,"{""sx"": 16771, ""rz"": 13239, ""cz"": 9327, ""x"": 138, ""measure"": 12, ""barrier"": 1}",qiskit,24559,1,26249,13239,4,"{""framework"": ""qiskit"", ""critical_path_length"": 24559, ""connected_components"": 1, ""num_cliffords"": 26249, ""num_non_cliffords"": 13239, ""num_parameters"": 4}"
ibmq,d5btdbvp3tbc73auf60g,ibm_boston,Completed,2026-01-02 14:31:11.786778+00:00,2026-01-02 14:31:12.757670+00:00,2026-01-02 14:35:19.825672+00:00,247068.002,,,runtime_inputs,156,24559,39487,30160,9327,1,12,"{""sx"": 16771, ""rz"": 13239, ""cz"": 9327, ""x"": 138, ""measure"": 12, ""barrier"": 1}",qiskit,24559,1,26249,13239,4,"{""framework"": ""qiskit"", ""critical_path_length"": 24559, ""connected_components"": 1, ""num_cliffords"": 26249, ""num_non_cliffords"": 13239, ""num_parameters"": 4}"
ibmq,d5btbcfp3tbc73auf470,ibm_boston,Completed,2026-01-02 14:26:57.278421+00:00,2026-01-02 14:26:58.372260+00:00,2026-01-02 14:31:09.713491+00:00,251341.231,,,runtime_inputs,156,24559,39487,30160,9327,1,12,"{""sx"": 16771, ""rz"": 13239, ""cz"": 9327, ""x"": 138, ""measure"": 12, ""barrier"": 1}",qiskit,24559,1,26249,13239,4,"{""framework"": ""qiskit"", ""critical_path_length"": 24559, ""connected_components"": 1, ""num_cliffords"": 26249, ""num_non_cliffords"": 13239, ""num_parameters"": 4}"
ibmq,d5bt9d1smlfc739mr6fg,ibm_boston,Completed,2026-01-02 14:22:44.845172+00:00,2026-01-02 14:22:46.089293+00:00,2026-01-02 14:26:55.553289+00:00,249463.996,,,runtime_inputs,156,24559,39487,30160,9327,1,12,"{""sx"": 16771, ""rz"": 13239, ""cz"": 9327, ""x"": 138, ""measure"": 12, ""barrier"": 1}",qiskit,24559,1,26249,13239,4,"{""framework"": ""qiskit"", ""critical_path_length"": 24559, ""connected_components"": 1, ""num_cliffords"": 26249, ""num_non_cliffords"": 13239, ""num_parameters"": 4}"
ibmq,d5bt7e8nsj9s73b8vn40,ibm_boston,Completed,2026-01-02 14:18:33.168381+00:00,2026-01-02 14:18:33.603295+00:00,2026-01-02 14:22:42.759820+00:00,249156.525,,,runtime_inputs,156,24559,39487,30160,9327,1,12,"{""sx"": 16771, ""rz"": 13239, ""cz"": 9327, ""x"": 138, ""measure"": 12, ""barrier"": 1}",qiskit,24559,1,26249,13239,4,"{""framework"": ""qiskit"", ""critical_path_length"": 24559, ""connected_components"": 1, ""num_cliffords"": 26249, ""num_non_cliffords"": 13239, ""num_parameters"": 4}"
ibmq,d5bt65bht8fs73a70cqg,ibm_miami,Cancelled,2026-01-02 14:15:49.461819+00:00,2026-01-02 14:15:50.041892+00:00,2026-01-02 14:17:20.115815+00:00,90073.923,,,runtime_inputs,120,23102,36207,27997,8210,1,12,"{""sx"": 14735, ""rz"": 13165, ""cz"": 8210, ""x"": 85, ""measure"": 12, ""barrier"": 1}",qiskit,23102,1,23043,13165,4,"{""framework"": ""qiskit"", ""critical_path_length"": 23102, ""connected_components"": 1, ""num_cliffords"": 23043, ""num_non_cliffords"": 13165, ""num_parameters"": 4}"
ibmq,d5bt5fvp3tbc73aueuug,ibm_boston,Completed,2026-01-02 14:14:23.897658+00:00,2026-01-02 14:14:25.106521+00:00,2026-01-02 14:18:30.985312+00:00,245878.791,,,runtime_inputs,156,24559,39487,30160,9327,1,12,"{""sx"": 16771, ""rz"": 13239, ""cz"": 9327, ""x"": 138, ""measure"": 12, ""barrier"": 1}",qiskit,24559,1,26249,13239,4,"{""framework"": ""qiskit"", ""critical_path_length"": 24559, ""connected_components"": 1, ""num_cliffords"": 26249, ""num_non_cliffords"": 13239, ""num_parameters"": 4}"
ibmq,d5bt3h7p3tbc73auet60,ibm_boston,Completed,2026-01-02 14:10:14.144211+00:00,2026-01-02 14:10:14.829576+00:00,2026-01-02 14:14:21.490634+00:00,246661.058,,,runtime_inputs,156,24559,39487,30160,9327,1,12,"{""sx"": 16771, ""rz"": 13239, ""cz"": 9327, ""x"": 138, ""measure"": 12, ""barrier"": 1}",qiskit,24559,1,26249,13239,4,"{""framework"": ""qiskit"", ""critical_path_length"": 24559, ""connected_components"": 1, ""num_cliffords"": 26249, ""num_non_cliffords"": 13239, ""num_parameters"": 4}"
ibmq,d5bt2pjht8fs73a709p0,ibm_miami,Completed,2026-01-02 14:08:38.802898+00:00,2026-01-02 14:08:39.881617+00:00,2026-01-02 14:15:47.533745+00:00,427652.128,,,runtime_inputs,120,23102,36207,27997,8210,1,12,"{""sx"": 14735, ""rz"": 13165, ""cz"": 8210, ""x"": 85, ""measure"": 12, ""barrier"": 1}",qiskit,23102,1,23043,13165,4,"{""framework"": ""qiskit"", ""critical_path_length"": 23102, ""connected_components"": 1, ""num_cliffords"": 23043, ""num_non_cliffords"": 13165, ""num_parameters"": 4}"
ibmq,d5bt1ihsmlfc739mqvh0,ibm_boston,Completed,2026-01-02 14:06:02.496368+00:00,2026-01-02 14:06:03.287196+00:00,2026-01-02 14:10:11.202215+00:00,247915.019,,,runtime_inputs,156,24559,39487,30160,9327,1,12,"{""sx"": 16771, ""rz"": 13239, ""cz"": 9327, ""x"": 138, ""measure"": 12, ""barrier"": 1}",qiskit,24559,1,26249,13239,4,"{""framework"": ""qiskit"", ""critical_path_length"": 24559, ""connected_components"": 1, ""num_cliffords"": 26249, ""num_non_cliffords"": 13239, ""num_parameters"": 4}"
ibmq,d5bsvkbht8fs73a706sg,ibm_boston,Completed,2026-01-02 14:01:53.299642+00:00,2026-01-02 14:01:53.755106+00:00,2026-01-02 14:06:00.788738+00:00,247033.632,,,runtime_inputs,156,24559,39487,30160,9327,1,12,"{""sx"": 16771, ""rz"": 13239, ""cz"": 9327, ""x"": 138, ""measure"": 12, ""barrier"": 1}",qiskit,24559,1,26249,13239,4,"{""framework"": ""qiskit"", ""critical_path_length"": 24559, ""connected_components"": 1, ""num_cliffords"": 26249, ""num_non_cliffords"": 13239, ""num_parameters"": 4}"
ibmq,d5bsve1smlfc739mqtkg,ibm_miami,Completed,2026-01-02 14:01:29.441717+00:00,2026-01-02 14:01:30.450619+00:00,2026-01-02 14:08:37.241965+00:00,426791.34599999996,,,runtime_inputs,120,23102,36207,27997,8210,1,12,"{""sx"": 14735, ""rz"": 13165, ""cz"": 8210, ""x"": 85, ""measure"": 12, ""barrier"": 1}",qiskit,23102,1,23043,13165,4,"{""framework"": ""qiskit"", ""critical_path_length"": 23102, ""connected_components"": 1, ""num_cliffords"": 23043, ""num_non_cliffords"": 13165, ""num_parameters"": 4}"
ibmq,d5bstlvp3tbc73aueo0g,ibm_boston,Completed,2026-01-02 13:57:43.970407+00:00,2026-01-02 13:57:44.664406+00:00,2026-01-02 14:01:51.531663+00:00,246867.25699999998,,,runtime_inputs,156,24559,39487,30160,9327,1,12,"{""sx"": 16771, ""rz"": 13239, ""cz"": 9327, ""x"": 138, ""measure"": 12, ""barrier"": 1}",qiskit,24559,1,26249,13239,4,"{""framework"": ""qiskit"", ""critical_path_length"": 24559, ""connected_components"": 1, ""num_cliffords"": 26249, ""num_non_cliffords"": 13239, ""num_parameters"": 4}"
ibmq,d5bss1gnsj9s73b8vcqg,ibm_miami,Completed,2026-01-02 13:54:14.142564+00:00,2026-01-02 13:54:14.772224+00:00,2026-01-02 14:01:26.688766+00:00,431916.542,,,runtime_inputs,120,23102,36207,27997,8210,1,12,"{""sx"": 14735, ""rz"": 13165, ""cz"": 8210, ""x"": 85, ""measure"": 12, ""barrier"": 1}",qiskit,23102,1,23043,13165,4,"{""framework"": ""qiskit"", ""critical_path_length"": 23102, ""connected_components"": 1, ""num_cliffords"": 23043, ""num_non_cliffords"": 13165, ""num_parameters"": 4}"
ibmq,d5bsrl1smlfc739mqq6g,ibm_boston,Completed,2026-01-02 13:53:24.380605+00:00,2026-01-02 13:53:25.027095+00:00,2026-01-02 13:57:41.300852+00:00,256273.75699999998,,,runtime_inputs,156,24559,39487,30160,9327,1,12,"{""sx"": 16771, ""rz"": 13239, ""cz"": 9327, ""x"": 138, ""measure"": 12, ""barrier"": 1}",qiskit,24559,1,26249,13239,4,"{""framework"": ""qiskit"", ""critical_path_length"": 24559, ""connected_components"": 1, ""num_cliffords"": 26249, ""num_non_cliffords"": 13239, ""num_parameters"": 4}"
ibmq,d57fo3rht8fs73a2pjhg,ibm_fez,Completed,2025-12-26 21:20:15.612441+00:00,2025-12-26 21:20:16.347790+00:00,2025-12-26 21:24:00.699285+00:00,224351.495,,,runtime_inputs,156,22480,37110,27702,9408,1,12,"{""sx"": 16985, ""rz"": 10597, ""cz"": 9408, ""x"": 108, ""measure"": 12, ""barrier"": 1}",qiskit,22480,1,26514,10597,0,"{""framework"": ""qiskit"", ""critical_path_length"": 22480, ""connected_components"": 1, ""num_cliffords"": 26514, ""num_non_cliffords"": 10597, ""num_parameters"": 0}"
ibmq,d57fm6hsmlfc739ile90,ibm_fez,Completed,2025-12-26 21:16:10.572698+00:00,2025-12-26 21:16:11.421918+00:00,2025-12-26 21:20:13.816797+00:00,242394.87900000002,,,runtime_inputs,156,24568,39920,30512,9408,1,12,"{""sx"": 16988, ""rz"": 13404, ""cz"": 9408, ""x"": 108, ""measure"": 12, ""barrier"": 1}",qiskit,24568,1,26517,13404,4,"{""framework"": ""qiskit"", ""critical_path_length"": 24568, ""connected_components"": 1, ""num_cliffords"": 26517, ""num_non_cliffords"": 13404, ""num_parameters"": 4}"
ibmq,d57fk6gnsj9s73b4ndjg,ibm_fez,Completed,2025-12-26 21:11:54.590715+00:00,2025-12-26 21:11:55.499019+00:00,2025-12-26 21:16:08.623456+00:00,253124.437,,,runtime_inputs,156,24568,39920,30512,9408,1,12,"{""sx"": 16988, ""rz"": 13404, ""cz"": 9408, ""x"": 108, ""measure"": 12, ""barrier"": 1}",qiskit,24568,1,26517,13404,4,"{""framework"": ""qiskit"", ""critical_path_length"": 24568, ""connected_components"": 1, ""num_cliffords"": 26517, ""num_non_cliffords"": 13404, ""num_parameters"": 4}"
ibmq,d57fi89smlfc739ilad0,ibm_fez,Completed,2025-12-26 21:07:45.739430+00:00,2025-12-26 21:07:46.599726+00:00,2025-12-26 21:11:52.720408+00:00,246120.682,,,runtime_inputs,156,24568,39920,30512,9408,1,12,"{""sx"": 16988, ""rz"": 13404, ""cz"": 9408, ""x"": 108, ""measure"": 12, ""barrier"": 1}",qiskit,24568,1,26517,13404,4,"{""framework"": ""qiskit"", ""critical_path_length"": 24568, ""connected_components"": 1, ""num_cliffords"": 26517, ""num_non_cliffords"": 13404, ""num_parameters"": 4}"
ibmq,d57fga9smlfc739il8gg,ibm_fez,Completed,2025-12-26 21:03:37.546886+00:00,2025-12-26 21:03:38.791179+00:00,2025-12-26 21:07:43.636913+00:00,244845.734,,,runtime_inputs,156,24568,39920,30512,9408,1,12,"{""sx"": 16988, ""rz"": 13404, ""cz"": 9408, ""x"": 108, ""measure"": 12, ""barrier"": 1}",qiskit,24568,1,26517,13404,4,"{""framework"": ""qiskit"", ""critical_path_length"": 24568, ""connected_components"": 1, ""num_cliffords"": 26517, ""num_non_cliffords"": 13404, ""num_parameters"": 4}"
ibmq,d57fe7onsj9s73b4n7i0,ibm_fez,Completed,2025-12-26 20:59:11.099958+00:00,2025-12-26 20:59:12.113109+00:00,2025-12-26 21:03:35.788432+00:00,263675.323,,,runtime_inputs,156,24568,39920,30512,9408,1,12,"{""sx"": 16988, ""rz"": 13404, ""cz"": 9408, ""x"": 108, ""measure"": 12, ""barrier"": 1}",qiskit,24568,1,26517,13404,4,"{""framework"": ""qiskit"", ""critical_path_length"": 24568, ""connected_components"": 1, ""num_cliffords"": 26517, ""num_non_cliffords"": 13404, ""num_parameters"": 4}"
ibmq,d57fc9psmlfc739il4k0,ibm_fez,Completed,2025-12-26 20:55:04.019729+00:00,2025-12-26 20:55:05.128756+00:00,2025-12-26 20:59:09.284067+00:00,244155.31100000002,,,runtime_inputs,156,24568,39920,30512,9408,1,12,"{""sx"": 16988, ""rz"": 13404, ""cz"": 9408, ""x"": 108, ""measure"": 12, ""barrier"": 1}",qiskit,24568,1,26517,13404,4,"{""framework"": ""qiskit"", ""critical_path_length"": 24568, ""connected_components"": 1, ""num_cliffords"": 26517, ""num_non_cliffords"": 13404, ""num_parameters"": 4}"
ibmq,d57facpsmlfc739il2sg,ibm_fez,Completed,2025-12-26 20:50:59.648110+00:00,2025-12-26 20:51:00.840296+00:00,2025-12-26 20:55:02.324894+00:00,241484.598,,,runtime_inputs,156,24568,39920,30512,9408,1,12,"{""sx"": 16988, ""rz"": 13404, ""cz"": 9408, ""x"": 108, ""measure"": 12, ""barrier"": 1}",qiskit,24568,1,26517,13404,4,"{""framework"": ""qiskit"", ""critical_path_length"": 24568, ""connected_components"": 1, ""num_cliffords"": 26517, ""num_non_cliffords"": 13404, ""num_parameters"": 4}"
ibmq,d57f8f7p3tbc73aq7e40,ibm_fez,Completed,2025-12-26 20:46:52.659757+00:00,2025-12-26 20:46:53.743116+00:00,2025-12-26 20:50:57.064012+00:00,243320.896,,,runtime_inputs,156,24568,39920,30512,9408,1,12,"{""sx"": 16988, ""rz"": 13404, ""cz"": 9408, ""x"": 108, ""measure"": 12, ""barrier"": 1}",qiskit,24568,1,26517,13404,4,"{""framework"": ""qiskit"", ""critical_path_length"": 24568, ""connected_components"": 1, ""num_cliffords"": 26517, ""num_non_cliffords"": 13404, ""num_parameters"": 4}"
ibmq,d57f6f8nsj9s73b4n0jg,ibm_fez,Completed,2025-12-26 20:42:37.048541+00:00,2025-12-26 20:42:38.277454+00:00,2025-12-26 20:46:51.002824+00:00,252725.37,,,runtime_inputs,156,24568,39920,30512,9408,1,12,"{""sx"": 16988, ""rz"": 13404, ""cz"": 9408, ""x"": 108, ""measure"": 12, ""barrier"": 1}",qiskit,24568,1,26517,13404,4,"{""framework"": ""qiskit"", ""critical_path_length"": 24568, ""connected_components"": 1, ""num_cliffords"": 26517, ""num_non_cliffords"": 13404, ""num_parameters"": 4}"
ibmq,d57f4bjht8fs73a2p0sg,ibm_fez,Completed,2025-12-26 20:38:06.805839+00:00,2025-12-26 20:38:07.716295+00:00,2025-12-26 20:42:35.366523+00:00,267650.228,,,runtime_inputs,156,24568,39920,30512,9408,1,12,"{""sx"": 16988, ""rz"": 13404, ""cz"": 9408, ""x"": 108, ""measure"": 12, ""barrier"": 1}",qiskit,24568,1,26517,13404,4,"{""framework"": ""qiskit"", ""critical_path_length"": 24568, ""connected_components"": 1, ""num_cliffords"": 26517, ""num_non_cliffords"": 13404, ""num_parameters"": 4}"
ibmq,d57f12gnsj9s73b4mrog,ibm_fez,Completed,2025-12-26 20:31:06.341220+00:00,2025-12-26 20:31:07.542277+00:00,2025-12-26 20:38:05.141366+00:00,417599.089,,,runtime_inputs,156,24568,39920,30512,9408,1,12,"{""sx"": 16988, ""rz"": 13404, ""cz"": 9408, ""x"": 108, ""measure"": 12, ""barrier"": 1}",qiskit,24568,1,26517,13404,4,"{""framework"": ""qiskit"", ""critical_path_length"": 24568, ""connected_components"": 1, ""num_cliffords"": 26517, ""num_non_cliffords"": 13404, ""num_parameters"": 4}"
ibmq,d57eu53ht8fs73a2or90,ibm_fez,Completed,2025-12-26 20:24:52.936383+00:00,2025-12-26 20:24:53.879542+00:00,2025-12-26 20:31:04.437489+00:00,370557.947,,,runtime_inputs,156,24568,39920,30512,9408,1,12,"{""sx"": 16988, ""rz"": 13404, ""cz"": 9408, ""x"": 108, ""measure"": 12, ""barrier"": 1}",qiskit,24568,1,26517,13404,4,"{""framework"": ""qiskit"", ""critical_path_length"": 24568, ""connected_components"": 1, ""num_cliffords"": 26517, ""num_non_cliffords"": 13404, ""num_parameters"": 4}"
ibmq,d57es88nsj9s73b4mngg,ibm_fez,Completed,2025-12-26 20:20:49.622978+00:00,2025-12-26 20:20:50.185498+00:00,2025-12-26 20:24:50.998049+00:00,240812.551,,,runtime_inputs,156,24568,39920,30512,9408,1,12,"{""sx"": 16988, ""rz"": 13404, ""cz"": 9408, ""x"": 108, ""measure"": 12, ""barrier"": 1}",qiskit,24568,1,26517,13404,4,"{""framework"": ""qiskit"", ""critical_path_length"": 24568, ""connected_components"": 1, ""num_cliffords"": 26517, ""num_non_cliffords"": 13404, ""num_parameters"": 4}"
ibmq,d57epu7p3tbc73aq712g,ibm_fez,Completed,2025-12-26 20:15:52.240402+00:00,2025-12-26 20:15:52.757055+00:00,2025-12-26 20:20:47.733959+00:00,294976.904,,,runtime_inputs,156,24568,39920,30512,9408,1,12,"{""sx"": 16988, ""rz"": 13404, ""cz"": 9408, ""x"": 108, ""measure"": 12, ""barrier"": 1}",qiskit,24568,1,26517,13404,4,"{""framework"": ""qiskit"", ""critical_path_length"": 24568, ""connected_components"": 1, ""num_cliffords"": 26517, ""num_non_cliffords"": 13404, ""num_parameters"": 4}"
ibmq,d57eo0onsj9s73b4mjj0,ibm_fez,Completed,2025-12-26 20:11:48.067656+00:00,2025-12-26 20:11:49.159845+00:00,2025-12-26 20:15:50.544514+00:00,241384.669,,,runtime_inputs,156,24568,39920,30512,9408,1,12,"{""sx"": 16988, ""rz"": 13404, ""cz"": 9408, ""x"": 108, ""measure"": 12, ""barrier"": 1}",qiskit,24568,1,26517,13404,4,"{""framework"": ""qiskit"", ""critical_path_length"": 24568, ""connected_components"": 1, ""num_cliffords"": 26517, ""num_non_cliffords"": 13404, ""num_parameters"": 4}"
ibmq,d57em3fp3tbc73aq6tlg,ibm_fez,Completed,2025-12-26 20:07:41.784433+00:00,2025-12-26 20:07:42.737193+00:00,2025-12-26 20:11:45.923810+00:00,243186.617,,,runtime_inputs,156,24568,39920,30512,9408,1,12,"{""sx"": 16988, ""rz"": 13404, ""cz"": 9408, ""x"": 108, ""measure"": 12, ""barrier"": 1}",qiskit,24568,1,26517,13404,4,"{""framework"": ""qiskit"", ""critical_path_length"": 24568, ""connected_components"": 1, ""num_cliffords"": 26517, ""num_non_cliffords"": 13404, ""num_parameters"": 4}"
ibmq,d57ek67p3tbc73aq6s00,ibm_fez,Completed,2025-12-26 20:03:36.315606+00:00,2025-12-26 20:03:37.051195+00:00,2025-12-26 20:07:39.620883+00:00,242569.68800000002,,,runtime_inputs,156,24568,39920,30512,9408,1,12,"{""sx"": 16988, ""rz"": 13404, ""cz"": 9408, ""x"": 108, ""measure"": 12, ""barrier"": 1}",qiskit,24568,1,26517,13404,4,"{""framework"": ""qiskit"", ""critical_path_length"": 24568, ""connected_components"": 1, ""num_cliffords"": 26517, ""num_non_cliffords"": 13404, ""num_parameters"": 4}"
ibmq,d57ei93ht8fs73a2ogjg,ibm_fez,Completed,2025-12-26 19:59:32.954571+00:00,2025-12-26 19:59:34.194209+00:00,2025-12-26 20:03:34.606058+00:00,240411.849,,,runtime_inputs,156,24568,39920,30512,9408,1,12,"{""sx"": 16988, ""rz"": 13404, ""cz"": 9408, ""x"": 108, ""measure"": 12, ""barrier"": 1}",qiskit,24568,1,26517,13404,4,"{""framework"": ""qiskit"", ""critical_path_length"": 24568, ""connected_components"": 1, ""num_cliffords"": 26517, ""num_non_cliffords"": 13404, ""num_parameters"": 4}"
ibmq,d57egbonsj9s73b4mcp0,ibm_fez,Completed,2025-12-26 19:55:28.029790+00:00,2025-12-26 19:55:29.026434+00:00,2025-12-26 19:59:31.260525+00:00,242234.09100000001,,,runtime_inputs,156,24568,39920,30512,9408,1,12,"{""sx"": 16988, ""rz"": 13404, ""cz"": 9408, ""x"": 108, ""measure"": 12, ""barrier"": 1}",qiskit,24568,1,26517,13404,4,"{""framework"": ""qiskit"", ""critical_path_length"": 24568, ""connected_components"": 1, ""num_cliffords"": 26517, ""num_non_cliffords"": 13404, ""num_parameters"": 4}"
ibmq,d57ee8jht8fs73a2od10,ibm_fez,Completed,2025-12-26 19:50:58.234066+00:00,2025-12-26 19:50:58.865779+00:00,2025-12-26 19:55:25.788007+00:00,266922.228,,,runtime_inputs,156,24568,39920,30512,9408,1,12,"{""sx"": 16988, ""rz"": 13404, ""cz"": 9408, ""x"": 108, ""measure"": 12, ""barrier"": 1}",qiskit,24568,1,26517,13404,4,"{""framework"": ""qiskit"", ""critical_path_length"": 24568, ""connected_components"": 1, ""num_cliffords"": 26517, ""num_non_cliffords"": 13404, ""num_parameters"": 4}"
ibmq,d57ecbgnsj9s73b4m96g,ibm_fez,Completed,2025-12-26 19:46:54.191166+00:00,2025-12-26 19:46:54.856257+00:00,2025-12-26 19:50:56.555841+00:00,241699.58399999997,,,runtime_inputs,156,24568,39920,30512,9408,1,12,"{""sx"": 16988, ""rz"": 13404, ""cz"": 9408, ""x"": 108, ""measure"": 12, ""barrier"": 1}",qiskit,24568,1,26517,13404,4,"{""framework"": ""qiskit"", ""critical_path_length"": 24568, ""connected_components"": 1, ""num_cliffords"": 26517, ""num_non_cliffords"": 13404, ""num_parameters"": 4}"
ibmq,d57eabhsmlfc739ik6cg,ibm_fez,Completed,2025-12-26 19:42:38.906454+00:00,2025-12-26 19:42:40.180993+00:00,2025-12-26 19:46:52.642953+00:00,252461.96,,,runtime_inputs,156,24568,39920,30512,9408,1,12,"{""sx"": 16988, ""rz"": 13404, ""cz"": 9408, ""x"": 108, ""measure"": 12, ""barrier"": 1}",qiskit,24568,1,26517,13404,4,"{""framework"": ""qiskit"", ""critical_path_length"": 24568, ""connected_components"": 1, ""num_cliffords"": 26517, ""num_non_cliffords"": 13404, ""num_parameters"": 4}"
ibmq,d57e8d0nsj9s73b4m5jg,ibm_fez,Completed,2025-12-26 19:38:28.381284+00:00,2025-12-26 19:38:29.057422+00:00,2025-12-26 19:42:37.031122+00:00,247973.7,,,runtime_inputs,156,24568,39920,30512,9408,1,12,"{""sx"": 16988, ""rz"": 13404, ""cz"": 9408, ""x"": 108, ""measure"": 12, ""barrier"": 1}",qiskit,24568,1,26517,13404,4,"{""framework"": ""qiskit"", ""critical_path_length"": 24568, ""connected_components"": 1, ""num_cliffords"": 26517, ""num_non_cliffords"": 13404, ""num_parameters"": 4}"
ibmq,d57e6enp3tbc73aq6fr0,ibm_fez,Completed,2025-12-26 19:34:18.135429+00:00,2025-12-26 19:34:18.828109+00:00,2025-12-26 19:38:26.403868+00:00,247575.759,,,runtime_inputs,156,24568,39920,30512,9408,1,12,"{""sx"": 16988, ""rz"": 13404, ""cz"": 9408, ""x"": 108, ""measure"": 12, ""barrier"": 1}",qiskit,24568,1,26517,13404,4,"{""framework"": ""qiskit"", ""critical_path_length"": 24568, ""connected_components"": 1, ""num_cliffords"": 26517, ""num_non_cliffords"": 13404, ""num_parameters"": 4}"
ibmq,d57e4a8nsj9s73b4m1v0,ibm_fez,Completed,2025-12-26 19:29:45.851608+00:00,2025-12-26 19:29:46.724883+00:00,2025-12-26 19:34:16.174598+00:00,269449.715,,,runtime_inputs,156,24568,39920,30512,9408,1,12,"{""sx"": 16988, ""rz"": 13404, ""cz"": 9408, ""x"": 108, ""measure"": 12, ""barrier"": 1}",qiskit,24568,1,26517,13404,4,"{""framework"": ""qiskit"", ""critical_path_length"": 24568, ""connected_components"": 1, ""num_cliffords"": 26517, ""num_non_cliffords"": 13404, ""num_parameters"": 4}"
ibmq,d57e2d3ht8fs73a2o2g0,ibm_fez,Completed,2025-12-26 19:25:40.356754+00:00,2025-12-26 19:25:41.217105+00:00,2025-12-26 19:29:44.190125+00:00,242973.02,,,runtime_inputs,156,24568,39920,30512,9408,1,12,"{""sx"": 16988, ""rz"": 13404, ""cz"": 9408, ""x"": 108, ""measure"": 12, ""barrier"": 1}",qiskit,24568,1,26517,13404,4,"{""framework"": ""qiskit"", ""critical_path_length"": 24568, ""connected_components"": 1, ""num_cliffords"": 26517, ""num_non_cliffords"": 13404, ""num_parameters"": 4}"
ibmq,d57e0fbht8fs73a2o0p0,ibm_fez,Completed,2025-12-26 19:21:33.636177+00:00,2025-12-26 19:21:34.155790+00:00,2025-12-26 19:25:38.612831+00:00,244457.041,,,runtime_inputs,156,24568,39920,30512,9408,1,12,"{""sx"": 16988, ""rz"": 13404, ""cz"": 9408, ""x"": 108, ""measure"": 12, ""barrier"": 1}",qiskit,24568,1,26517,13404,4,"{""framework"": ""qiskit"", ""critical_path_length"": 24568, ""connected_components"": 1, ""num_cliffords"": 26517, ""num_non_cliffords"": 13404, ""num_parameters"": 4}"
ibmq,d57duhvp3tbc73aq68og,ibm_fez,Completed,2025-12-26 19:17:27.215510+00:00,2025-12-26 19:17:27.912676+00:00,2025-12-26 19:21:31.827346+00:00,243914.67,,,runtime_inputs,156,24568,39920,30512,9408,1,12,"{""sx"": 16988, ""rz"": 13404, ""cz"": 9408, ""x"": 108, ""measure"": 12, ""barrier"": 1}",qiskit,24568,1,26517,13404,4,"{""framework"": ""qiskit"", ""critical_path_length"": 24568, ""connected_components"": 1, ""num_cliffords"": 26517, ""num_non_cliffords"": 13404, ""num_parameters"": 4}"
ibmq,d57dsk3ht8fs73a2nt80,ibm_fez,Completed,2025-12-26 19:13:20.382813+00:00,2025-12-26 19:13:21.197310+00:00,2025-12-26 19:17:25.482931+00:00,244285.62099999998,,,runtime_inputs,156,24568,39920,30512,9408,1,12,"{""sx"": 16988, ""rz"": 13404, ""cz"": 9408, ""x"": 108, ""measure"": 12, ""barrier"": 1}",qiskit,24568,1,26517,13404,4,"{""framework"": ""qiskit"", ""critical_path_length"": 24568, ""connected_components"": 1, ""num_cliffords"": 26517, ""num_non_cliffords"": 13404, ""num_parameters"": 4}"
ibmq,d57dqmrht8fs73a2nr6g,ibm_fez,Completed,2025-12-26 19:09:15.296769+00:00,2025-12-26 19:09:15.939078+00:00,2025-12-26 19:13:17.873414+00:00,241934.336,,,runtime_inputs,156,24568,39920,30512,9408,1,12,"{""sx"": 16988, ""rz"": 13404, ""cz"": 9408, ""x"": 108, ""measure"": 12, ""barrier"": 1}",qiskit,24568,1,26517,13404,4,"{""framework"": ""qiskit"", ""critical_path_length"": 24568, ""connected_components"": 1, ""num_cliffords"": 26517, ""num_non_cliffords"": 13404, ""num_parameters"": 4}"
ibmq,d57dop9smlfc739ijljg,ibm_fez,Completed,2025-12-26 19:05:09.535693+00:00,2025-12-26 19:05:11.195957+00:00,2025-12-26 19:09:13.459942+00:00,242263.985,,,runtime_inputs,156,24568,39920,30512,9408,1,12,"{""sx"": 16988, ""rz"": 13404, ""cz"": 9408, ""x"": 108, ""measure"": 12, ""barrier"": 1}",qiskit,24568,1,26517,13404,4,"{""framework"": ""qiskit"", ""critical_path_length"": 24568, ""connected_components"": 1, ""num_cliffords"": 26517, ""num_non_cliffords"": 13404, ""num_parameters"": 4}"
ibmq,d57dmrvp3tbc73aq60f0,ibm_fez,Completed,2025-12-26 19:01:03.605293+00:00,2025-12-26 19:01:04.175148+00:00,2025-12-26 19:05:07.489877+00:00,243314.729,,,runtime_inputs,156,24568,39920,30512,9408,1,12,"{""sx"": 16988, ""rz"": 13404, ""cz"": 9408, ""x"": 108, ""measure"": 12, ""barrier"": 1}",qiskit,24568,1,26517,13404,4,"{""framework"": ""qiskit"", ""critical_path_length"": 24568, ""connected_components"": 1, ""num_cliffords"": 26517, ""num_non_cliffords"": 13404, ""num_parameters"": 4}"
ibmq,d57dkubht8fs73a2nk6g,ibm_fez,Completed,2025-12-26 18:56:58.014038+00:00,2025-12-26 18:56:59.642614+00:00,2025-12-26 19:01:01.854279+00:00,242211.665,,,runtime_inputs,156,24568,39920,30512,9408,1,12,"{""sx"": 16988, ""rz"": 13404, ""cz"": 9408, ""x"": 108, ""measure"": 12, ""barrier"": 1}",qiskit,24568,1,26517,13404,4,"{""framework"": ""qiskit"", ""critical_path_length"": 24568, ""connected_components"": 1, ""num_cliffords"": 26517, ""num_non_cliffords"": 13404, ""num_parameters"": 4}"
ibmq,d57dj0onsj9s73b4lg0g,ibm_fez,Completed,2025-12-26 18:52:51.925978+00:00,2025-12-26 18:52:52.608729+00:00,2025-12-26 18:56:56.067878+00:00,243459.149,,,runtime_inputs,156,24568,39920,30512,9408,1,12,"{""sx"": 16988, ""rz"": 13404, ""cz"": 9408, ""x"": 108, ""measure"": 12, ""barrier"": 1}",qiskit,24568,1,26517,13404,4,"{""framework"": ""qiskit"", ""critical_path_length"": 24568, ""connected_components"": 1, ""num_cliffords"": 26517, ""num_non_cliffords"": 13404, ""num_parameters"": 4}"
ibmq,d57dh1rht8fs73a2ng5g,ibm_fez,Completed,2025-12-26 18:48:39.503473+00:00,2025-12-26 18:48:40.221169+00:00,2025-12-26 18:52:50.168421+00:00,249947.25199999998,,,runtime_inputs,156,24568,39920,30512,9408,1,12,"{""sx"": 16988, ""rz"": 13404, ""cz"": 9408, ""x"": 108, ""measure"": 12, ""barrier"": 1}",qiskit,24568,1,26517,13404,4,"{""framework"": ""qiskit"", ""critical_path_length"": 24568, ""connected_components"": 1, ""num_cliffords"": 26517, ""num_non_cliffords"": 13404, ""num_parameters"": 4}"
ibmq,d57dedbht8fs73a2ndag,ibm_fez,Completed,2025-12-26 18:43:01.192053+00:00,2025-12-26 18:43:02.369307+00:00,2025-12-26 18:48:36.776042+00:00,334406.73500000004,,,runtime_inputs,156,24568,39920,30512,9408,1,12,"{""sx"": 16988, ""rz"": 13404, ""cz"": 9408, ""x"": 108, ""measure"": 12, ""barrier"": 1}",qiskit,24568,1,26517,13404,4,"{""framework"": ""qiskit"", ""critical_path_length"": 24568, ""connected_components"": 1, ""num_cliffords"": 26517, ""num_non_cliffords"": 13404, ""num_parameters"": 4}"
ibmq,d57dce3ht8fs73a2nb2g,ibm_fez,Completed,2025-12-26 18:38:48.411414+00:00,2025-12-26 18:38:49.598917+00:00,2025-12-26 18:42:59.331528+00:00,249732.611,,,runtime_inputs,156,24568,39920,30512,9408,1,12,"{""sx"": 16988, ""rz"": 13404, ""cz"": 9408, ""x"": 108, ""measure"": 12, ""barrier"": 1}",qiskit,24568,1,26517,13404,4,"{""framework"": ""qiskit"", ""critical_path_length"": 24568, ""connected_components"": 1, ""num_cliffords"": 26517, ""num_non_cliffords"": 13404, ""num_parameters"": 4}"
ibmq,d57dahbht8fs73a2n96g,ibm_fez,Completed,2025-12-26 18:34:45.696401+00:00,2025-12-26 18:34:46.774632+00:00,2025-12-26 18:38:46.601321+00:00,239826.68899999998,,,runtime_inputs,156,24568,39920,30512,9408,1,12,"{""sx"": 16988, ""rz"": 13404, ""cz"": 9408, ""x"": 108, ""measure"": 12, ""barrier"": 1}",qiskit,24568,1,26517,13404,4,"{""framework"": ""qiskit"", ""critical_path_length"": 24568, ""connected_components"": 1, ""num_cliffords"": 26517, ""num_non_cliffords"": 13404, ""num_parameters"": 4}"
ibmq,d57d8jrht8fs73a2n7d0,ibm_fez,Completed,2025-12-26 18:30:39.556381+00:00,2025-12-26 18:30:40.486932+00:00,2025-12-26 18:34:44.001075+00:00,243514.14299999998,,,runtime_inputs,156,24568,39920,30512,9408,1,12,"{""sx"": 16988, ""rz"": 13404, ""cz"": 9408, ""x"": 108, ""measure"": 12, ""barrier"": 1}",qiskit,24568,1,26517,13404,4,"{""framework"": ""qiskit"", ""critical_path_length"": 24568, ""connected_components"": 1, ""num_cliffords"": 26517, ""num_non_cliffords"": 13404, ""num_parameters"": 4}"
ibmq,d57d68psmlfc739ij230,ibm_fez,Completed,2025-12-26 18:25:39.574110+00:00,2025-12-26 18:25:40.667510+00:00,2025-12-26 18:30:37.878516+00:00,297211.006,,,runtime_inputs,156,24568,39920,30512,9408,1,12,"{""sx"": 16988, ""rz"": 13404, ""cz"": 9408, ""x"": 108, ""measure"": 12, ""barrier"": 1}",qiskit,24568,1,26517,13404,4,"{""framework"": ""qiskit"", ""critical_path_length"": 24568, ""connected_components"": 1, ""num_cliffords"": 26517, ""num_non_cliffords"": 13404, ""num_parameters"": 4}"
ibmq,d57d409smlfc739iivv0,ibm_fez,Completed,2025-12-26 18:20:50.045029+00:00,2025-12-26 18:20:50.625916+00:00,2025-12-26 18:25:37.209247+00:00,286583.331,,,runtime_inputs,156,24568,39920,30512,9408,1,12,"{""sx"": 16988, ""rz"": 13404, ""cz"": 9408, ""x"": 108, ""measure"": 12, ""barrier"": 1}",qiskit,24568,1,26517,13404,4,"{""framework"": ""qiskit"", ""critical_path_length"": 24568, ""connected_components"": 1, ""num_cliffords"": 26517, ""num_non_cliffords"": 13404, ""num_parameters"": 4}"
ibmq,d53dcnbht8fs739uspug,ibm_kingston,Completed,2025-12-20 17:01:17.386612+00:00,2025-12-20 17:02:44.755398+00:00,2025-12-20 17:25:10.491585+00:00,1345736.187,,,runtime_inputs,156,115126,192397,142516,49881,1,20,"{""sx"": 89803, ""rz"": 52134, ""cz"": 49881, ""x"": 559, ""measure"": 20, ""barrier"": 1}",qiskit,115126,1,140264,52134,0,"{""framework"": ""qiskit"", ""critical_path_length"": 115126, ""connected_components"": 1, ""num_cliffords"": 140264, ""num_non_cliffords"": 52134, ""num_parameters"": 0}"
ibmq,d53d6nnp3tbc73amc5i0,ibm_kingston,Completed,2025-12-20 16:48:30.532957+00:00,2025-12-20 17:02:43.784168+00:00,2025-12-20 17:13:03.421367+00:00,619637.199,,,runtime_inputs,156,56864,92582,68908,23674,1,16,"{""sx"": 42524, ""rz"": 26084, ""cz"": 23674, ""x"": 284, ""measure"": 16, ""barrier"": 1}",qiskit,56864,1,66499,26084,0,"{""framework"": ""qiskit"", ""critical_path_length"": 56864, ""connected_components"": 1, ""num_cliffords"": 66499, ""num_non_cliffords"": 26084, ""num_parameters"": 0}"
ibmq,d53d1pfp3tbc73amc15g,ibm_kingston,Completed,2025-12-20 16:37:57.063117+00:00,2025-12-20 16:37:58.012400+00:00,2025-12-20 17:01:11.942262+00:00,1393929.862,,,runtime_inputs,156,125784,206109,156228,49881,1,20,"{""sx"": 89806, ""rz"": 65843, ""cz"": 49881, ""x"": 559, ""measure"": 20, ""barrier"": 1}",qiskit,125784,1,140267,65843,4,"{""framework"": ""qiskit"", ""critical_path_length"": 125784, ""connected_components"": 1, ""num_cliffords"": 140267, ""num_non_cliffords"": 65843, ""num_parameters"": 4}"
ibmq,d53d1mjht8fs739usfv0,ibm_kingston,Completed,2025-12-20 16:37:46.344170+00:00,2025-12-20 16:37:47.322445+00:00,2025-12-20 16:48:27.187744+00:00,639865.299,,,runtime_inputs,156,62135,99431,75757,23674,1,16,"{""sx"": 42527, ""rz"": 32930, ""cz"": 23674, ""x"": 284, ""measure"": 16, ""barrier"": 1}",qiskit,62135,1,66502,32930,4,"{""framework"": ""qiskit"", ""critical_path_length"": 62135, ""connected_components"": 1, ""num_cliffords"": 66502, ""num_non_cliffords"": 32930, ""num_parameters"": 4}"
ibmq,d53bhkgnsj9s73b0p31g,ibm_kingston,Completed,2025-12-20 14:55:14.950210+00:00,2025-12-20 14:55:15.988930+00:00,2025-12-20 15:18:02.308450+00:00,1366319.52,,,runtime_inputs,156,115310,192514,142639,49875,1,20,"{""sx"": 89858, ""rz"": 52248, ""cz"": 49875, ""x"": 513, ""measure"": 20, ""barrier"": 1}",qiskit,115310,1,140267,52248,0,"{""framework"": ""qiskit"", ""critical_path_length"": 115310, ""connected_components"": 1, ""num_cliffords"": 140267, ""num_non_cliffords"": 52248, ""num_parameters"": 0}"
ibmq,d53b8qvp3tbc73amabsg,ibm_kingston,Completed,2025-12-20 14:36:27.832255+00:00,2025-12-20 14:54:19.301091+00:00,2025-12-20 15:04:59.587358+00:00,640286.267,,,runtime_inputs,156,56758,91717,68301,23416,1,16,"{""sx"": 41940, ""rz"": 26038, ""cz"": 23416, ""x"": 307, ""measure"": 16, ""barrier"": 1}",qiskit,56758,1,65680,26038,0,"{""framework"": ""qiskit"", ""critical_path_length"": 56758, ""connected_components"": 1, ""num_cliffords"": 65680, ""num_non_cliffords"": 26038, ""num_parameters"": 0}"
ibmq,d53b2ipsmlfc739emmtg,ibm_kingston,Completed,2025-12-20 14:23:07.626608+00:00,2025-12-20 14:25:33.794807+00:00,2025-12-20 14:55:09.345384+00:00,1775550.577,,,runtime_inputs,156,125896,206129,156254,49875,1,20,"{""sx"": 89863, ""rz"": 65858, ""cz"": 49875, ""x"": 513, ""measure"": 20, ""barrier"": 1}",qiskit,125896,1,140272,65858,4,"{""framework"": ""qiskit"", ""critical_path_length"": 125896, ""connected_components"": 1, ""num_cliffords"": 140272, ""num_non_cliffords"": 65858, ""num_parameters"": 4}"
ibmq,d53b2g7p3tbc73ama670,ibm_kingston,Completed,2025-12-20 14:22:56.790936+00:00,2025-12-20 14:25:33.419722+00:00,2025-12-20 14:36:24.963330+00:00,651543.608,,,runtime_inputs,156,61963,98535,75119,23416,1,16,"{""sx"": 41943, ""rz"": 32853, ""cz"": 23416, ""x"": 307, ""measure"": 16, ""barrier"": 1}",qiskit,61963,1,65683,32853,4,"{""framework"": ""qiskit"", ""critical_path_length"": 61963, ""connected_components"": 1, ""num_cliffords"": 65683, ""num_non_cliffords"": 32853, ""num_parameters"": 4}"
ibmq,d52tk2np3tbc73altks0,ibm_miami,Completed,2025-12-19 23:04:42.156342+00:00,2025-12-19 23:04:43.110631+00:00,2025-12-19 23:44:23.553383+00:00,2380442.752,,,runtime_inputs,120,108427,177203,132941,44262,1,20,"{""sx"": 80021, ""rz"": 52557, ""cz"": 44262, ""x"": 343, ""measure"": 20, ""barrier"": 1}",qiskit,108427,1,124647,52557,0,"{""framework"": ""qiskit"", ""critical_path_length"": 108427, ""connected_components"": 1, ""num_cliffords"": 124647, ""num_non_cliffords"": 52557, ""num_parameters"": 0}"
ibmq,d52spv7p3tbc73alstb0,ibm_kingston,Completed,2025-12-19 22:09:00.548189+00:00,2025-12-19 22:13:54.116387+00:00,2025-12-19 22:24:07.411891+00:00,613295.5040000001,,,runtime_inputs,156,56559,91067,67943,23124,1,16,"{""sx"": 41479, ""rz"": 26141, ""cz"": 23124, ""x"": 307, ""measure"": 16, ""barrier"": 1}",qiskit,56559,1,64927,26141,0,"{""framework"": ""qiskit"", ""critical_path_length"": 56559, ""connected_components"": 1, ""num_cliffords"": 64927, ""num_non_cliffords"": 26141, ""num_parameters"": 0}"
ibmq,d52r7shsmlfc739e7vag,ibm_miami,Completed,2025-12-19 20:22:11.029048+00:00,2025-12-19 20:22:11.659240+00:00,2025-12-19 23:04:36.833827+00:00,9745174.587,,,runtime_inputs,120,117810,190445,146183,44262,1,20,"{""sx"": 80024, ""rz"": 65796, ""cz"": 44262, ""x"": 343, ""measure"": 20, ""barrier"": 1}",qiskit,117810,1,124650,65796,4,"{""framework"": ""qiskit"", ""critical_path_length"": 117810, ""connected_components"": 1, ""num_cliffords"": 124650, ""num_non_cliffords"": 65796, ""num_parameters"": 4}"
ibmq,d52lkrjht8fs739u6hig,ibm_fez,Completed,2025-12-19 14:00:14.440054+00:00,2025-12-24 12:21:09.090600+00:00,2025-12-24 13:17:18.403323+00:00,3369312.723,,,runtime_inputs,156,126223,206666,156530,50136,1,20,"{""sx"": 90267, ""rz"": 65732, ""cz"": 50136, ""x"": 511, ""measure"": 20, ""barrier"": 1}",qiskit,126223,1,140935,65732,4,"{""framework"": ""qiskit"", ""critical_path_length"": 126223, ""connected_components"": 1, ""num_cliffords"": 140935, ""num_non_cliffords"": 65732, ""num_parameters"": 4}"
ibmq,d52lko1smlfc739e2it0,ibm_kingston,Completed,2025-12-19 14:00:00.431650+00:00,2025-12-19 21:58:07.589912+00:00,2025-12-19 22:08:57.255537+00:00,649665.625,,,runtime_inputs,156,61827,97937,74813,23124,1,16,"{""sx"": 41482, ""rz"": 33008, ""cz"": 23124, ""x"": 307, ""measure"": 16, ""barrier"": 1}",qiskit,61827,1,64930,33008,4,"{""framework"": ""qiskit"", ""critical_path_length"": 61827, ""connected_components"": 1, ""num_cliffords"": 64930, ""num_non_cliffords"": 33008, ""num_parameters"": 4}"
ibmq,d520ks7p3tbc73al0rqg,ibm_kingston,Completed,2025-12-18 14:06:41.020618+00:00,2025-12-18 22:02:11.989410+00:00,2025-12-18 22:16:30.301626+00:00,858312.216,,,runtime_inputs,156,56513,92068,68575,23493,1,16,"{""sx"": 42212, ""rz"": 26086, ""cz"": 23493, ""x"": 261, ""measure"": 16, ""barrier"": 1}",qiskit,56513,1,65983,26086,0,"{""framework"": ""qiskit"", ""critical_path_length"": 56513, ""connected_components"": 1, ""num_cliffords"": 65983, ""num_non_cliffords"": 26086, ""num_parameters"": 0}"
ibmq,d520411smlfc739dcpm0,ibm_fez,Cancelled,2025-12-18 13:30:44.559415+00:00,,2025-12-18 17:02:41.946554+00:00,0.0,,,runtime_inputs,156,114993,192296,142453,49843,1,20,"{""sx"": 89779, ""rz"": 52155, ""cz"": 49843, ""x"": 499, ""measure"": 20, ""barrier"": 1}",qiskit,114993,1,140142,52155,0,"{""framework"": ""qiskit"", ""critical_path_length"": 114993, ""connected_components"": 1, ""num_cliffords"": 140142, ""num_non_cliffords"": 52155, ""num_parameters"": 0}"
ibmq,d51k96gnsj9s73av2nqg,ibm_kingston,Completed,2025-12-18 00:02:34.665633+00:00,2025-12-18 00:02:35.846112+00:00,2025-12-18 00:13:17.690902+00:00,641844.79,,,runtime_inputs,156,62105,100066,76225,23841,1,16,"{""sx"": 42907, ""rz"": 33003, ""cz"": 23841, ""x"": 299, ""measure"": 16, ""barrier"": 1}",qiskit,62105,1,67064,33003,4,"{""framework"": ""qiskit"", ""critical_path_length"": 62105, ""connected_components"": 1, ""num_cliffords"": 67064, ""num_non_cliffords"": 33003, ""num_parameters"": 4}"
ibmq,d51k43psmlfc739d0j7g,ibm_kingston,Completed,2025-12-17 23:51:43.531540+00:00,2025-12-17 23:51:44.693627+00:00,2025-12-18 00:02:31.413488+00:00,646719.861,,,runtime_inputs,156,62105,100066,76225,23841,1,16,"{""sx"": 42907, ""rz"": 33003, ""cz"": 23841, ""x"": 299, ""measure"": 16, ""barrier"": 1}",qiskit,62105,1,67064,33003,4,"{""framework"": ""qiskit"", ""critical_path_length"": 62105, ""connected_components"": 1, ""num_cliffords"": 67064, ""num_non_cliffords"": 33003, ""num_parameters"": 4}"
ibmq,d51jv2psmlfc739d0ec0,ibm_kingston,Completed,2025-12-17 23:40:59.231390+00:00,2025-12-17 23:41:00.500756+00:00,2025-12-17 23:51:40.123194+00:00,639622.438,,,runtime_inputs,156,62105,100066,76225,23841,1,16,"{""sx"": 42907, ""rz"": 33003, ""cz"": 23841, ""x"": 299, ""measure"": 16, ""barrier"": 1}",qiskit,62105,1,67064,33003,4,"{""framework"": ""qiskit"", ""critical_path_length"": 62105, ""connected_components"": 1, ""num_cliffords"": 67064, ""num_non_cliffords"": 33003, ""num_parameters"": 4}"
ibmq,d51jq0onsj9s73av28lg,ibm_kingston,Completed,2025-12-17 23:30:11.278447+00:00,2025-12-17 23:30:12.456477+00:00,2025-12-17 23:40:56.273199+00:00,643816.7220000001,,,runtime_inputs,156,62105,100066,76225,23841,1,16,"{""sx"": 42907, ""rz"": 33003, ""cz"": 23841, ""x"": 299, ""measure"": 16, ""barrier"": 1}",qiskit,62105,1,67064,33003,4,"{""framework"": ""qiskit"", ""critical_path_length"": 62105, ""connected_components"": 1, ""num_cliffords"": 67064, ""num_non_cliffords"": 33003, ""num_parameters"": 4}"
ibmq,d51jmu0nsj9s73av25d0,ibm_fez,Completed,2025-12-17 23:23:36.960711+00:00,2025-12-17 23:23:38.125667+00:00,2025-12-17 23:45:32.585385+00:00,1314459.718,,,runtime_inputs,156,115211,191490,141880,49610,1,20,"{""sx"": 89284, ""rz"": 52089, ""cz"": 49610, ""x"": 487, ""measure"": 20, ""barrier"": 1}",qiskit,115211,1,139402,52089,0,"{""framework"": ""qiskit"", ""critical_path_length"": 115211, ""connected_components"": 1, ""num_cliffords"": 139402, ""num_non_cliffords"": 52089, ""num_parameters"": 0}"
ibmq,d51jkohsmlfc739d04m0,ibm_kingston,Completed,2025-12-17 23:18:58.839162+00:00,2025-12-17 23:18:59.446336+00:00,2025-12-17 23:30:08.164508+00:00,668718.172,,,runtime_inputs,156,62105,100066,76225,23841,1,16,"{""sx"": 42907, ""rz"": 33003, ""cz"": 23841, ""x"": 299, ""measure"": 16, ""barrier"": 1}",qiskit,62105,1,67064,33003,4,"{""framework"": ""qiskit"", ""critical_path_length"": 62105, ""connected_components"": 1, ""num_cliffords"": 67064, ""num_non_cliffords"": 33003, ""num_parameters"": 4}"
ibmq,d51jfg8nsj9s73av1ueg,ibm_kingston,Completed,2025-12-17 23:07:45.146969+00:00,2025-12-17 23:07:46.029757+00:00,2025-12-17 23:18:55.343167+00:00,669313.41,,,runtime_inputs,156,62105,100066,76225,23841,1,16,"{""sx"": 42907, ""rz"": 33003, ""cz"": 23841, ""x"": 299, ""measure"": 16, ""barrier"": 1}",qiskit,62105,1,67064,33003,4,"{""framework"": ""qiskit"", ""critical_path_length"": 62105, ""connected_components"": 1, ""num_cliffords"": 67064, ""num_non_cliffords"": 33003, ""num_parameters"": 4}"
ibmq,d51jc5hsmlfc739cvsh0,ibm_fez,Completed,2025-12-17 23:00:38.650342+00:00,2025-12-17 23:00:39.583342+00:00,2025-12-17 23:23:31.249680+00:00,1371666.338,,,runtime_inputs,156,125858,205185,155575,49610,1,20,"{""sx"": 89287, ""rz"": 65781, ""cz"": 49610, ""x"": 487, ""measure"": 20, ""barrier"": 1}",qiskit,125858,1,139405,65781,4,"{""framework"": ""qiskit"", ""critical_path_length"": 125858, ""connected_components"": 1, ""num_cliffords"": 139405, ""num_non_cliffords"": 65781, ""num_parameters"": 4}"
ibmq,d51jadfp3tbc73akjalg,ibm_kingston,Completed,2025-12-17 22:56:53.588358+00:00,2025-12-17 22:56:54.477899+00:00,2025-12-17 23:07:42.134125+00:00,647656.2259999999,,,runtime_inputs,156,62105,100066,76225,23841,1,16,"{""sx"": 42907, ""rz"": 33003, ""cz"": 23841, ""x"": 299, ""measure"": 16, ""barrier"": 1}",qiskit,62105,1,67064,33003,4,"{""framework"": ""qiskit"", ""critical_path_length"": 62105, ""connected_components"": 1, ""num_cliffords"": 67064, ""num_non_cliffords"": 33003, ""num_parameters"": 4}"
ibmq,d51j49fp3tbc73akj4t0,ibm_kingston,Completed,2025-12-17 22:43:50.005672+00:00,2025-12-17 22:43:51.189382+00:00,2025-12-17 22:56:50.197632+00:00,779008.25,,,runtime_inputs,156,62105,100066,76225,23841,1,16,"{""sx"": 42907, ""rz"": 33003, ""cz"": 23841, ""x"": 299, ""measure"": 16, ""barrier"": 1}",qiskit,62105,1,67064,33003,4,"{""framework"": ""qiskit"", ""critical_path_length"": 62105, ""connected_components"": 1, ""num_cliffords"": 67064, ""num_non_cliffords"": 33003, ""num_parameters"": 4}"
ibmq,d51j0uvp3tbc73akj1j0,ibm_fez,Completed,2025-12-17 22:36:43.905084+00:00,2025-12-17 22:36:50.672374+00:00,2025-12-17 23:00:32.972650+00:00,1422300.2759999998,,,runtime_inputs,156,125858,205185,155575,49610,1,20,"{""sx"": 89287, ""rz"": 65781, ""cz"": 49610, ""x"": 487, ""measure"": 20, ""barrier"": 1}",qiskit,125858,1,139405,65781,4,"{""framework"": ""qiskit"", ""critical_path_length"": 125858, ""connected_components"": 1, ""num_cliffords"": 139405, ""num_non_cliffords"": 65781, ""num_parameters"": 4}"
ibmq,d51iv99smlfc739cvgd0,ibm_kingston,Completed,2025-12-17 22:33:09.695153+00:00,2025-12-17 22:33:10.891354+00:00,2025-12-17 22:43:46.947439+00:00,636056.0850000001,,,runtime_inputs,156,62105,100066,76225,23841,1,16,"{""sx"": 42907, ""rz"": 33003, ""cz"": 23841, ""x"": 299, ""measure"": 16, ""barrier"": 1}",qiskit,62105,1,67064,33003,4,"{""framework"": ""qiskit"", ""critical_path_length"": 62105, ""connected_components"": 1, ""num_cliffords"": 67064, ""num_non_cliffords"": 33003, ""num_parameters"": 4}"
ibmq,d51iq6gnsj9s73av19u0,ibm_kingston,Completed,2025-12-17 22:22:18.630935+00:00,2025-12-17 22:22:19.767140+00:00,2025-12-17 22:33:06.353658+00:00,646586.5179999999,,,runtime_inputs,156,62105,100066,76225,23841,1,16,"{""sx"": 42907, ""rz"": 33003, ""cz"": 23841, ""x"": 299, ""measure"": 16, ""barrier"": 1}",qiskit,62105,1,67064,33003,4,"{""framework"": ""qiskit"", ""critical_path_length"": 62105, ""connected_components"": 1, ""num_cliffords"": 67064, ""num_non_cliffords"": 33003, ""num_parameters"": 4}"
ibmq,d51il48nsj9s73av1540,ibm_kingston,Completed,2025-12-17 22:11:29.820481+00:00,2025-12-17 22:11:31.264340+00:00,2025-12-17 22:22:15.540373+00:00,644276.0329999999,,,runtime_inputs,156,62105,100066,76225,23841,1,16,"{""sx"": 42907, ""rz"": 33003, ""cz"": 23841, ""x"": 299, ""measure"": 16, ""barrier"": 1}",qiskit,62105,1,67064,33003,4,"{""framework"": ""qiskit"", ""critical_path_length"": 62105, ""connected_components"": 1, ""num_cliffords"": 67064, ""num_non_cliffords"": 33003, ""num_parameters"": 4}"
ibmq,d51ikonp3tbc73akim0g,ibm_fez,Completed,2025-12-17 22:10:42.555121+00:00,2025-12-17 22:13:22.008945+00:00,2025-12-17 22:36:38.522237+00:00,1396513.2920000001,,,runtime_inputs,156,125858,205185,155575,49610,1,20,"{""sx"": 89287, ""rz"": 65781, ""cz"": 49610, ""x"": 487, ""measure"": 20, ""barrier"": 1}",qiskit,125858,1,139405,65781,4,"{""framework"": ""qiskit"", ""critical_path_length"": 125858, ""connected_components"": 1, ""num_cliffords"": 139405, ""num_non_cliffords"": 65781, ""num_parameters"": 4}"
ibmq,d51ig2vp3tbc73akihp0,ibm_kingston,Completed,2025-12-17 22:00:43.639974+00:00,2025-12-17 22:00:44.593030+00:00,2025-12-17 22:11:26.404181+00:00,641811.151,,,runtime_inputs,156,62105,100066,76225,23841,1,16,"{""sx"": 42907, ""rz"": 33003, ""cz"": 23841, ""x"": 299, ""measure"": 16, ""barrier"": 1}",qiskit,62105,1,67064,33003,4,"{""framework"": ""qiskit"", ""critical_path_length"": 62105, ""connected_components"": 1, ""num_cliffords"": 67064, ""num_non_cliffords"": 33003, ""num_parameters"": 4}"
ibmq,d51i9ijht8fs739t2qe0,ibm_fez,Completed,2025-12-17 21:46:50.265416+00:00,2025-12-17 21:47:30.749959+00:00,2025-12-17 22:10:36.646332+00:00,1385896.3730000001,,,runtime_inputs,156,125858,205185,155575,49610,1,20,"{""sx"": 89287, ""rz"": 65781, ""cz"": 49610, ""x"": 487, ""measure"": 20, ""barrier"": 1}",qiskit,125858,1,139405,65781,4,"{""framework"": ""qiskit"", ""critical_path_length"": 125858, ""connected_components"": 1, ""num_cliffords"": 139405, ""num_non_cliffords"": 65781, ""num_parameters"": 4}"
ibmq,d51i869smlfc739cuql0,ibm_kingston,Completed,2025-12-17 21:43:53.965991+00:00,2025-12-17 21:49:55.321298+00:00,2025-12-17 22:00:40.441433+00:00,645120.135,,,runtime_inputs,156,62105,100066,76225,23841,1,16,"{""sx"": 42907, ""rz"": 33003, ""cz"": 23841, ""x"": 299, ""measure"": 16, ""barrier"": 1}",qiskit,62105,1,67064,33003,4,"{""framework"": ""qiskit"", ""critical_path_length"": 62105, ""connected_components"": 1, ""num_cliffords"": 67064, ""num_non_cliffords"": 33003, ""num_parameters"": 4}"
ibmq,d51i34psmlfc739culr0,ibm_kingston,Completed,2025-12-17 21:33:07.100243+00:00,2025-12-17 21:33:08.385392+00:00,2025-12-17 21:43:50.585393+00:00,642200.001,,,runtime_inputs,156,62105,100066,76225,23841,1,16,"{""sx"": 42907, ""rz"": 33003, ""cz"": 23841, ""x"": 299, ""measure"": 16, ""barrier"": 1}",qiskit,62105,1,67064,33003,4,"{""framework"": ""qiskit"", ""critical_path_length"": 62105, ""connected_components"": 1, ""num_cliffords"": 67064, ""num_non_cliffords"": 33003, ""num_parameters"": 4}"
ibmq,d51hu2np3tbc73aki0h0,ibm_kingston,Completed,2025-12-17 21:22:18.266405+00:00,2025-12-17 21:22:18.822318+00:00,2025-12-17 21:33:03.965640+00:00,645143.322,,,runtime_inputs,156,62105,100066,76225,23841,1,16,"{""sx"": 42907, ""rz"": 33003, ""cz"": 23841, ""x"": 299, ""measure"": 16, ""barrier"": 1}",qiskit,62105,1,67064,33003,4,"{""framework"": ""qiskit"", ""critical_path_length"": 62105, ""connected_components"": 1, ""num_cliffords"": 67064, ""num_non_cliffords"": 33003, ""num_parameters"": 4}"
ibmq,d51hs67p3tbc73akhubg,ibm_fez,Completed,2025-12-17 21:18:16.604362+00:00,2025-12-17 21:23:51.911136+00:00,2025-12-17 21:46:44.654980+00:00,1372743.844,,,runtime_inputs,156,125858,205185,155575,49610,1,20,"{""sx"": 89287, ""rz"": 65781, ""cz"": 49610, ""x"": 487, ""measure"": 20, ""barrier"": 1}",qiskit,125858,1,139405,65781,4,"{""framework"": ""qiskit"", ""critical_path_length"": 125858, ""connected_components"": 1, ""num_cliffords"": 139405, ""num_non_cliffords"": 65781, ""num_parameters"": 4}"
ibmq,d51hon9smlfc739cu5f0,ibm_kingston,Completed,2025-12-17 21:10:53.727237+00:00,2025-12-17 21:10:54.255147+00:00,2025-12-17 21:22:15.288483+00:00,681033.336,,,runtime_inputs,156,62105,100066,76225,23841,1,16,"{""sx"": 42907, ""rz"": 33003, ""cz"": 23841, ""x"": 299, ""measure"": 16, ""barrier"": 1}",qiskit,62105,1,67064,33003,4,"{""framework"": ""qiskit"", ""critical_path_length"": 62105, ""connected_components"": 1, ""num_cliffords"": 67064, ""num_non_cliffords"": 33003, ""num_parameters"": 4}"
ibmq,d51hj1fp3tbc73akhg60,ibm_kingston,Completed,2025-12-17 20:58:45.534707+00:00,2025-12-17 20:58:46.411154+00:00,2025-12-17 21:10:50.772332+00:00,724361.178,,,runtime_inputs,156,62105,100066,76225,23841,1,16,"{""sx"": 42907, ""rz"": 33003, ""cz"": 23841, ""x"": 299, ""measure"": 16, ""barrier"": 1}",qiskit,62105,1,67064,33003,4,"{""framework"": ""qiskit"", ""critical_path_length"": 62105, ""connected_components"": 1, ""num_cliffords"": 67064, ""num_non_cliffords"": 33003, ""num_parameters"": 4}"
ibmq,d51heqhsmlfc739ctsc0,ibm_fez,Completed,2025-12-17 20:49:46.946030+00:00,2025-12-17 20:55:09.572198+00:00,2025-12-17 21:18:10.996072+00:00,1381423.874,,,runtime_inputs,156,125858,205185,155575,49610,1,20,"{""sx"": 89287, ""rz"": 65781, ""cz"": 49610, ""x"": 487, ""measure"": 20, ""barrier"": 1}",qiskit,125858,1,139405,65781,4,"{""framework"": ""qiskit"", ""critical_path_length"": 125858, ""connected_components"": 1, ""num_cliffords"": 139405, ""num_non_cliffords"": 65781, ""num_parameters"": 4}"
ibmq,d51hdh7p3tbc73akhb60,ibm_kingston,Completed,2025-12-17 20:47:00.514406+00:00,2025-12-17 20:47:07.557703+00:00,2025-12-17 20:58:42.450154+00:00,694892.451,,,runtime_inputs,156,62105,100066,76225,23841,1,16,"{""sx"": 42907, ""rz"": 33003, ""cz"": 23841, ""x"": 299, ""measure"": 16, ""barrier"": 1}",qiskit,62105,1,67064,33003,4,"{""framework"": ""qiskit"", ""critical_path_length"": 62105, ""connected_components"": 1, ""num_cliffords"": 67064, ""num_non_cliffords"": 33003, ""num_parameters"": 4}"
ibmq,d51h8bgnsj9s73auvl1g,ibm_kingston,Completed,2025-12-17 20:35:58.447964+00:00,2025-12-17 20:35:59.290073+00:00,2025-12-17 20:46:57.420961+00:00,658130.888,,,runtime_inputs,156,62105,100066,76225,23841,1,16,"{""sx"": 42907, ""rz"": 33003, ""cz"": 23841, ""x"": 299, ""measure"": 16, ""barrier"": 1}",qiskit,62105,1,67064,33003,4,"{""framework"": ""qiskit"", ""critical_path_length"": 62105, ""connected_components"": 1, ""num_cliffords"": 67064, ""num_non_cliffords"": 33003, ""num_parameters"": 4}"
ibmq,d51h3s1smlfc739cth9g,ibm_fez,Completed,2025-12-17 20:26:24.573804+00:00,2025-12-17 20:26:51.667850+00:00,2025-12-17 20:49:41.411734+00:00,1369743.884,,,runtime_inputs,156,125858,205185,155575,49610,1,20,"{""sx"": 89287, ""rz"": 65781, ""cz"": 49610, ""x"": 487, ""measure"": 20, ""barrier"": 1}",qiskit,125858,1,139405,65781,4,"{""framework"": ""qiskit"", ""critical_path_length"": 125858, ""connected_components"": 1, ""num_cliffords"": 139405, ""num_non_cliffords"": 65781, ""num_parameters"": 4}"
ibmq,d51h383ht8fs739t1do0,ibm_kingston,Completed,2025-12-17 20:25:04.439117+00:00,2025-12-17 20:25:05.313709+00:00,2025-12-17 20:35:55.289167+00:00,649975.458,,,runtime_inputs,156,62105,100066,76225,23841,1,16,"{""sx"": 42907, ""rz"": 33003, ""cz"": 23841, ""x"": 299, ""measure"": 16, ""barrier"": 1}",qiskit,62105,1,67064,33003,4,"{""framework"": ""qiskit"", ""critical_path_length"": 62105, ""connected_components"": 1, ""num_cliffords"": 67064, ""num_non_cliffords"": 33003, ""num_parameters"": 4}"
ibmq,d51gtupsmlfc739ctb6g,ibm_kingston,Completed,2025-12-17 20:13:47.532505+00:00,2025-12-17 20:13:48.806183+00:00,2025-12-17 20:25:01.073866+00:00,672267.6830000001,,,runtime_inputs,156,62105,100066,76225,23841,1,16,"{""sx"": 42907, ""rz"": 33003, ""cz"": 23841, ""x"": 299, ""measure"": 16, ""barrier"": 1}",qiskit,62105,1,67064,33003,4,"{""framework"": ""qiskit"", ""critical_path_length"": 62105, ""connected_components"": 1, ""num_cliffords"": 67064, ""num_non_cliffords"": 33003, ""num_parameters"": 4}"
ibmq,d51gfvbht8fs739t0r90,ibm_kingston,Completed,2025-12-17 19:43:57.075428+00:00,2025-12-17 20:02:04.317733+00:00,2025-12-17 20:13:44.040814+00:00,699723.081,,,runtime_inputs,156,62105,100066,76225,23841,1,16,"{""sx"": 42907, ""rz"": 33003, ""cz"": 23841, ""x"": 299, ""measure"": 16, ""barrier"": 1}",qiskit,62105,1,67064,33003,4,"{""framework"": ""qiskit"", ""critical_path_length"": 62105, ""connected_components"": 1, ""num_cliffords"": 67064, ""num_non_cliffords"": 33003, ""num_parameters"": 4}"
ibmq,d51gf40nsj9s73auurrg,ibm_fez,Completed,2025-12-17 19:42:08.301995+00:00,2025-12-17 20:03:18.258843+00:00,2025-12-17 20:26:18.688507+00:00,1380429.664,,,runtime_inputs,156,125858,205185,155575,49610,1,20,"{""sx"": 89287, ""rz"": 65781, ""cz"": 49610, ""x"": 487, ""measure"": 20, ""barrier"": 1}",qiskit,125858,1,139405,65781,4,"{""framework"": ""qiskit"", ""critical_path_length"": 125858, ""connected_components"": 1, ""num_cliffords"": 139405, ""num_non_cliffords"": 65781, ""num_parameters"": 4}"
ibmq,d51gaj3ht8fs739t0m2g,ibm_kingston,Completed,2025-12-17 19:32:28.636805+00:00,2025-12-17 19:32:29.849798+00:00,2025-12-17 19:43:53.791246+00:00,683941.4480000001,,,runtime_inputs,156,62105,100066,76225,23841,1,16,"{""sx"": 42907, ""rz"": 33003, ""cz"": 23841, ""x"": 299, ""measure"": 16, ""barrier"": 1}",qiskit,62105,1,67064,33003,4,"{""framework"": ""qiskit"", ""critical_path_length"": 62105, ""connected_components"": 1, ""num_cliffords"": 67064, ""num_non_cliffords"": 33003, ""num_parameters"": 4}"
ibmq,d51g5ijht8fs739t0hg0,ibm_kingston,Completed,2025-12-17 19:21:46.473926+00:00,2025-12-17 19:21:47.876854+00:00,2025-12-17 19:32:25.398365+00:00,637521.511,,,runtime_inputs,156,62105,100066,76225,23841,1,16,"{""sx"": 42907, ""rz"": 33003, ""cz"": 23841, ""x"": 299, ""measure"": 16, ""barrier"": 1}",qiskit,62105,1,67064,33003,4,"{""framework"": ""qiskit"", ""critical_path_length"": 62105, ""connected_components"": 1, ""num_cliffords"": 67064, ""num_non_cliffords"": 33003, ""num_parameters"": 4}"
ibmq,d51g25vp3tbc73akg0r0,ibm_fez,Completed,2025-12-17 19:14:31.463530+00:00,2025-12-17 19:19:31.480491+00:00,2025-12-17 19:42:02.729431+00:00,1351248.94,,,runtime_inputs,156,125858,205185,155575,49610,1,20,"{""sx"": 89287, ""rz"": 65781, ""cz"": 49610, ""x"": 487, ""measure"": 20, ""barrier"": 1}",qiskit,125858,1,139405,65781,4,"{""framework"": ""qiskit"", ""critical_path_length"": 125858, ""connected_components"": 1, ""num_cliffords"": 139405, ""num_non_cliffords"": 65781, ""num_parameters"": 4}"
ibmq,d51frd7p3tbc73akfqog,ibm_kingston,Completed,2025-12-17 19:00:04.972829+00:00,2025-12-17 19:11:04.587346+00:00,2025-12-17 19:21:43.390668+00:00,638803.3219999999,,,runtime_inputs,156,62105,100066,76225,23841,1,16,"{""sx"": 42907, ""rz"": 33003, ""cz"": 23841, ""x"": 299, ""measure"": 16, ""barrier"": 1}",qiskit,62105,1,67064,33003,4,"{""framework"": ""qiskit"", ""critical_path_length"": 62105, ""connected_components"": 1, ""num_cliffords"": 67064, ""num_non_cliffords"": 33003, ""num_parameters"": 4}"
ibmq,d51fmc8nsj9s73auu40g,ibm_kingston,Completed,2025-12-17 18:49:21.175138+00:00,2025-12-17 18:49:22.092954+00:00,2025-12-17 19:00:01.541305+00:00,639448.351,,,runtime_inputs,156,62105,100066,76225,23841,1,16,"{""sx"": 42907, ""rz"": 33003, ""cz"": 23841, ""x"": 299, ""measure"": 16, ""barrier"": 1}",qiskit,62105,1,67064,33003,4,"{""framework"": ""qiskit"", ""critical_path_length"": 62105, ""connected_components"": 1, ""num_cliffords"": 67064, ""num_non_cliffords"": 33003, ""num_parameters"": 4}"
ibmq,d51fhb0nsj9s73autv3g,ibm_kingston,Completed,2025-12-17 18:38:36.716505+00:00,2025-12-17 18:38:37.254037+00:00,2025-12-17 18:49:17.643293+00:00,640389.256,,,runtime_inputs,156,62105,100066,76225,23841,1,16,"{""sx"": 42907, ""rz"": 33003, ""cz"": 23841, ""x"": 299, ""measure"": 16, ""barrier"": 1}",qiskit,62105,1,67064,33003,4,"{""framework"": ""qiskit"", ""critical_path_length"": 62105, ""connected_components"": 1, ""num_cliffords"": 67064, ""num_non_cliffords"": 33003, ""num_parameters"": 4}"
ibmq,d51fcabht8fs739svpig,ibm_kingston,Completed,2025-12-17 18:27:53.111201+00:00,2025-12-17 18:27:53.655193+00:00,2025-12-17 18:38:33.645614+00:00,639990.421,,,runtime_inputs,156,62105,100066,76225,23841,1,16,"{""sx"": 42907, ""rz"": 33003, ""cz"": 23841, ""x"": 299, ""measure"": 16, ""barrier"": 1}",qiskit,62105,1,67064,33003,4,"{""framework"": ""qiskit"", ""critical_path_length"": 62105, ""connected_components"": 1, ""num_cliffords"": 67064, ""num_non_cliffords"": 33003, ""num_parameters"": 4}"
ibmq,d51fbm8nsj9s73autpt0,ibm_fez,Completed,2025-12-17 18:26:33.529527+00:00,2025-12-17 18:31:20.472230+00:00,2025-12-17 19:14:25.605411+00:00,2585133.1810000003,,,runtime_inputs,156,125858,205185,155575,49610,1,20,"{""sx"": 89287, ""rz"": 65781, ""cz"": 49610, ""x"": 487, ""measure"": 20, ""barrier"": 1}",qiskit,125858,1,139405,65781,4,"{""framework"": ""qiskit"", ""critical_path_length"": 125858, ""connected_components"": 1, ""num_cliffords"": 139405, ""num_non_cliffords"": 65781, ""num_parameters"": 4}"
ibmq,d51euanp3tbc73aketag,ibm_kingston,Completed,2025-12-17 17:58:03.027388+00:00,2025-12-17 18:03:41.985843+00:00,2025-12-17 18:27:49.939317+00:00,1447953.474,,,runtime_inputs,156,62105,100066,76225,23841,1,16,"{""sx"": 42907, ""rz"": 33003, ""cz"": 23841, ""x"": 299, ""measure"": 16, ""barrier"": 1}",qiskit,62105,1,67064,33003,4,"{""framework"": ""qiskit"", ""critical_path_length"": 62105, ""connected_components"": 1, ""num_cliffords"": 67064, ""num_non_cliffords"": 33003, ""num_parameters"": 4}"
ibmq,d51ep8jht8fs739sv6hg,ibm_kingston,Completed,2025-12-17 17:47:14.521315+00:00,2025-12-17 17:47:15.230846+00:00,2025-12-17 17:57:59.625615+00:00,644394.769,,,runtime_inputs,156,62105,100066,76225,23841,1,16,"{""sx"": 42907, ""rz"": 33003, ""cz"": 23841, ""x"": 299, ""measure"": 16, ""barrier"": 1}",qiskit,62105,1,67064,33003,4,"{""framework"": ""qiskit"", ""critical_path_length"": 62105, ""connected_components"": 1, ""num_cliffords"": 67064, ""num_non_cliffords"": 33003, ""num_parameters"": 4}"
ibmq,d51ek77p3tbc73akejc0,ibm_kingston,Completed,2025-12-17 17:36:28.961782+00:00,2025-12-17 17:36:30.090759+00:00,2025-12-17 17:47:11.207142+00:00,641116.383,,,runtime_inputs,156,62105,100066,76225,23841,1,16,"{""sx"": 42907, ""rz"": 33003, ""cz"": 23841, ""x"": 299, ""measure"": 16, ""barrier"": 1}",qiskit,62105,1,67064,33003,4,"{""framework"": ""qiskit"", ""critical_path_length"": 62105, ""connected_components"": 1, ""num_cliffords"": 67064, ""num_non_cliffords"": 33003, ""num_parameters"": 4}"
ibmq,d51ejonp3tbc73akeitg,ibm_fez,Completed,2025-12-17 17:35:30.115641+00:00,2025-12-17 17:35:30.987781+00:00,2025-12-17 18:09:17.881987+00:00,2026894.206,,,runtime_inputs,156,125828,202607,153747,48860,1,20,"{""sx"": 87712, ""rz"": 65567, ""cz"": 48860, ""x"": 448, ""measure"": 20, ""barrier"": 1}",qiskit,125828,1,137041,65567,4,"{""framework"": ""qiskit"", ""critical_path_length"": 125828, ""connected_components"": 1, ""num_cliffords"": 137041, ""num_non_cliffords"": 65567, ""num_parameters"": 4}"
ibmq,d51ecnnp3tbc73akec6g,ibm_kingston,Completed,2025-12-17 17:20:30.834637+00:00,2025-12-17 17:23:57.181977+00:00,2025-12-17 17:36:25.495121+00:00,748313.144,,,runtime_inputs,156,62105,100066,76225,23841,1,16,"{""sx"": 42907, ""rz"": 33003, ""cz"": 23841, ""x"": 299, ""measure"": 16, ""barrier"": 1}",qiskit,62105,1,67064,33003,4,"{""framework"": ""qiskit"", ""critical_path_length"": 62105, ""connected_components"": 1, ""num_cliffords"": 67064, ""num_non_cliffords"": 33003, ""num_parameters"": 4}"
