benchmark,size,n_nodes,n_processes,best_backend,sub_backend,best_runtime,n_qubits,depth,width,n_clbits,n_ops,n_gates,n_parameters,n_connected_components,n_measure_ops,single_qubit_gates,two_qubit_gates,three_qubit_gates,four_qubit_gates,num_separable_circuits,num_tensor_factors,num_serial_layers,qc_width_total,num_registers,num_cregs,num_ancillas,idle_wires,global_phase,dag_size_ops,dag_edge_count,longest_path_len,num_control_flow_ops,num_barriers,num_distinct_twoq_pairs,touch_min,touch_max,touch_avg,clifford_count,nonclifford_count,measure_fraction,total_gate_params,avg_gate_params,std_gate_params,min_gate_params,max_gate_params,num_controlled_gates,num_unitary_factors,dag_duration,qc_duration,gate_barrier,gate_ccx,gate_cp,gate_cu,gate_cx,gate_cz,gate_h,gate_measure,gate_p,gate_rx,gate_ry,gate_rz,gate_s,gate_swap,gate_u2,arg_number_of_iterations,arg_optimization_level,algo_depth,algo_width,algo_num_qubits,algo_num_clbits,algo_num_ops,algo_num_2q_gates,algo_num_cliffords,algo_num_non_cliffords,algo_critical_path_length,algo_connected_components,algo_num_parameters,algo_gate_measure,algo_gate_cx,algo_gate_h,transpile_opt_level,hw_circ_depth,hw_circ_width,hw_circ_num_ops,hw_circ_num_2q_gates,hw_circ_swaps,hw_circ_connected_components,hw_circ_connectivity_degree_max,hw_circ_connectivity_degree_avg,hw_gate_cz,hw_gate_measure,hw_gate_rz,hw_gate_sx,exec_openmp_num_threads,exec_mpi_rank,exec_mpi_size,exec_transpile_time,depth_ratio,twoq_ratio,hw_gate_cx,hw_gate_h,algo_gate_rz,algo_gate_cz,algo_gate_s,algo_gate_swap,algo_gate_rx,hw_gate_x,algo_gate_cu,algo_gate_ccx,algo_gate_cp,algo_gate_u2,algo_gate_ry,algo_gate_p,algo_gate_barrier,hw_gate_barrier,hw_gate_rx,algo_gate_reset,hw_gate_reset,hw_gate_gpi2,hw_gate_ms,hw_gate_gpi,hw_gate_ry,arg_device,arg_run_mode,algo_shots,be_backend_name,be_backend_type,be_backend_is_simulator,depth_qf,width_qf,n_ops_qf,two_qubit_gates_qf,clifford_count_qf,nonclifford_count_qf,critical_path_length_qf,connected_components_qf,num_parameters_qf,critical_path_length,connected_components,num_parameters
bit_code,4,1,8,ibmq,ibm_torino,50.197601318359375,,5.0,7.0,,19.0,,,,,,6.0,,,,,,,,,,,,,,,,,,,,,6.0,13.0,,,,,,,,,,,,,,,,,,,,,,,,,,1.0,1.0,5.0,7.0,7.0,10.0,19.0,6.0,6.0,13.0,5.0,1.0,0.0,10.0,6.0,,1.0,11.0,133.0,37.0,6.0,0.0,127.0,2.0,0.09022556390977443,6.0,10.0,12.0,6.0,1.0,0.0,1.0,1.1411949899047613,2.2,1.0,,,,,,,,,,,,,,,,,,3.0,3.0,,,,,CPU,sync,,ibm_torino,hardware,False,5.0,7.0,19.0,6.0,6.0,13.0,5.0,1.0,0.0,5.0,1.0,0.0
bit_code,9,1,8,ibmq,ibm_torino,51.785945892333984,,5.0,17.0,,49.0,,,,,,16.0,,,,,,,,,,,,,,,,,,,,,16.0,33.0,,,,,,,,,,,,,,,,,,,,,,,,,,1.0,1.0,5.0,17.0,17.0,25.0,49.0,16.0,16.0,33.0,5.0,1.0,0.0,25.0,16.0,,1.0,11.0,133.0,97.0,16.0,0.0,117.0,2.0,0.24060150375939848,16.0,25.0,32.0,16.0,1.0,0.0,1.0,2.816774937789887,2.2,1.0,,,,,,,,,,,,,,,,,,8.0,8.0,,,,,CPU,sync,,ibm_torino,hardware,False,5.0,17.0,49.0,16.0,16.0,33.0,5.0,1.0,0.0,5.0,1.0,0.0
bit_code,15,1,8,ibmq,ibm_torino,48.943519592285156,,5.0,36.68,,44.68,,,,,,14.56,,,,,,,,,,,,,,,,,,,,,42.4,2.28,,,,,,,,,,,,,,,,,,,,,,,,,,1.0,1.0,5.0,29.0,29.0,43.0,85.0,28.0,28.0,57.0,5.0,1.0,0.0,43.0,28.0,,1.0,11.0,133.0,169.0,28.0,0.0,105.0,2.0,0.42105263157894735,28.0,43.0,56.0,28.0,1.0,0.0,1.0,2.95698549086228,2.2,1.0,,,,,,,,,,,,,,,,,,14.0,14.0,,,,,CPU,sync,,ibm_torino,hardware,False,5.0,36.68,44.68,14.56,42.4,2.28,5.0,1.0,0.0,5.0,1.0,0.0
bit_code,16,1,8,ibmq,ibm_torino,53.647756576538086,,5.0,31.0,,91.0,,,,,,30.0,,,,,,,,,,,,,,,,,,,,,30.0,61.0,,,,,,,,,,,,,,,,,,,,,,,,,,1.0,1.0,5.0,31.0,31.0,46.0,91.0,30.0,30.0,61.0,5.0,1.0,0.0,46.0,30.0,,1.0,11.0,133.0,181.0,30.0,0.0,103.0,2.0,0.45112781954887216,30.0,46.0,60.0,30.0,1.0,0.0,1.0,3.001619570888579,2.2,1.0,,,,,,,,,,,,,,,,,,15.0,15.0,,,,,CPU,sync,,ibm_torino,hardware,False,5.0,31.0,91.0,30.0,30.0,61.0,5.0,1.0,0.0,5.0,1.0,0.0
bit_code,20,1,8,ibmq,ibm_torino,56.92863464355469,,5.0,39.0,,115.0,,,,,,38.0,,,,,,,,,,,,,,,,,,,,,38.0,77.0,,,,,,,,,,,,,,,,,,,,,,,,,,1.0,1.0,5.0,39.0,39.0,58.0,115.0,38.0,38.0,77.0,5.0,1.0,0.0,58.0,38.0,,1.0,11.0,133.0,229.0,38.0,0.0,95.0,2.0,0.5714285714285714,38.0,58.0,76.0,38.0,1.0,0.0,1.0,3.2585047190004843,2.2,1.0,,,,,,,,,,,,,,,,,,19.0,19.0,,,,,CPU,sync,,ibm_torino,hardware,False,5.0,39.0,115.0,38.0,38.0,77.0,5.0,1.0,0.0,5.0,1.0,0.0
bit_code,23,1,8,ibmq,ibm_torino,48.52724075317383,,5.0,45.0,,133.0,,,,,,44.0,,,,,,,,,,,,,,,,,,,,,44.0,89.0,,,,,,,,,,,,,,,,,,,,,,,,,,1.0,1.0,5.0,45.0,45.0,67.0,133.0,44.0,44.0,89.0,5.0,1.0,0.0,67.0,44.0,,1.0,11.0,133.0,265.0,44.0,0.0,89.0,2.0,0.6616541353383458,44.0,67.0,88.0,44.0,1.0,0.0,1.0,3.1513993036933243,2.2,1.0,,,,,,,,,,,,,,,,,,22.0,22.0,,,,,CPU,sync,,ibm_torino,hardware,False,5.0,45.0,133.0,44.0,44.0,89.0,5.0,1.0,0.0,5.0,1.0,0.0
dqaoa,30,1,56,nwqsim,2subs16,136000.0,,,,,,,,,,,,,,,,,,,,,,,,,,,,,,,,,,,,,,,,,,,,,,,,,,,,,,,,,,,,,,,,,,,,,,,,,,,,,,,,,,,,,,,,,,,,,,,,,,,,,,,,,,,,,,,,,,,,,,,,,,,,,,,,,,,,,,
dqaoa,40,1,56,nwqsim,4subs16,201000.0,,,,,,,,,,,,,,,,,,,,,,,,,,,,,,,,,,,,,,,,,,,,,,,,,,,,,,,,,,,,,,,,,,,,,,,,,,,,,,,,,,,,,,,,,,,,,,,,,,,,,,,,,,,,,,,,,,,,,,,,,,,,,,,,,,,,,,
ghz,4,1,4,nwqsim,MPI,437.90165583292645,4.0,5.0,4.0,4.0,8.0,8.0,0.0,1.0,4.0,5.0,3.0,0.0,0.0,1.0,1.0,8.0,8.0,1.0,1.0,0.0,0.0,0.0,8.0,23.0,7.0,,0.0,3.0,2.0,3.0,2.75,4.0,4.0,1.0,0.0,0.0,0.0,0.0,0.0,3.0,1.0,,,0.0,0.0,0.0,0.0,3.0,0.0,1.0,4.0,0.0,0.0,0.0,0.0,0.0,0.0,0.0,1.0,0.0,5.0,4.0,,4.0,8.0,3.0,4.0,4.0,5.0,1.0,0.0,4.0,3.0,1.0,,,,,,,,,,,,,,1.0,0.0,1.0,,,,,,,,,,,,,,,,,,,,,,,,,,,CPU,sync,,,,,5.0,5.846153846153846,8.0,3.0,5.846153846153846,2.1538461538461537,5.0,1.0,0.0,5.0,1.0,0.0
ghz,4,1,8,ibmq,ibm_torino,9.096071496605873,4.0,5.0,4.0,4.0,8.0,8.0,0.0,1.0,4.0,5.0,3.0,0.0,0.0,1.0,1.0,8.0,8.0,1.0,1.0,0.0,0.0,0.0,8.0,23.0,7.0,,0.0,3.0,2.0,3.0,2.75,4.0,4.0,1.0,0.0,0.0,0.0,0.0,0.0,3.0,1.0,,,0.0,0.0,0.0,0.0,3.0,0.0,1.0,4.0,0.0,0.0,0.0,0.0,0.0,0.0,0.0,1.0,1.0,5.0,4.0,4.0,4.0,8.0,3.0,4.0,4.0,5.0,1.0,0.0,4.0,3.0,1.0,1.0,16.0,133.0,28.0,3.0,0.0,130.0,2.0,0.045112781954887216,3.0,4.0,14.0,7.0,1.0,0.0,1.0,1.3013491742312908,3.2,1.0,,,,,,,,,,,,,,,,,,,,,,,,CPU,sync,,ibm_torino,hardware,False,5.0,5.846153846153846,8.0,3.0,5.846153846153846,2.1538461538461537,5.0,1.0,0.0,5.0,1.0,0.0
ghz,8,1,1,nwqsim,MPI,5174.488687515259,8.0,9.0,8.0,8.0,16.0,16.0,0.0,1.0,8.0,9.0,7.0,0.0,0.0,1.0,1.0,16.0,16.0,1.0,1.0,0.0,0.0,0.0,16.0,47.0,11.0,,0.0,7.0,2.0,3.0,2.875,8.0,8.0,1.0,0.0,0.0,0.0,0.0,0.0,7.0,1.0,,,0.0,0.0,0.0,0.0,7.0,0.0,1.0,8.0,0.0,0.0,0.0,0.0,0.0,0.0,0.0,1.0,0.0,9.0,8.0,,8.0,16.0,7.0,8.0,8.0,9.0,1.0,0.0,8.0,7.0,1.0,,,,,,,,,,,,,,1.0,0.0,1.0,,,,,,,,,,,,,,,,,,,,,,,,,,,CPU,sync,,,,,9.0,12.571428571428571,16.0,7.0,12.571428571428571,3.4285714285714284,9.0,1.0,0.0,9.0,1.0,0.0
ghz,8,1,2,nwqsim,MPI,5174.7074365615845,8.0,9.0,8.0,8.0,16.0,16.0,0.0,1.0,8.0,9.0,7.0,0.0,0.0,1.0,1.0,16.0,16.0,1.0,1.0,0.0,0.0,0.0,16.0,47.0,11.0,,0.0,7.0,2.0,3.0,2.875,8.0,8.0,1.0,0.0,0.0,0.0,0.0,0.0,7.0,1.0,,,0.0,0.0,0.0,0.0,7.0,0.0,1.0,8.0,0.0,0.0,0.0,0.0,0.0,0.0,0.0,1.0,0.0,9.0,8.0,,8.0,16.0,7.0,8.0,8.0,9.0,1.0,0.0,8.0,7.0,1.0,,,,,,,,,,,,,,1.0,0.0,1.0,,,,,,,,,,,,,,,,,,,,,,,,,,,CPU,sync,,,,,9.0,12.571428571428571,16.0,7.0,12.571428571428571,3.4285714285714284,9.0,1.0,0.0,9.0,1.0,0.0
ghz,8,1,4,ionq,simulator,2606.4624786376953,8.0,9.0,8.0,8.0,16.0,16.0,0.0,1.0,8.0,9.0,7.0,0.0,0.0,1.0,1.0,16.0,16.0,1.0,1.0,0.0,0.0,0.0,16.0,47.0,11.0,,0.0,7.0,2.0,3.0,2.875,8.0,8.0,1.0,0.0,0.0,0.0,0.0,0.0,7.0,1.0,,,0.0,0.0,0.0,0.0,7.0,0.0,1.0,8.0,0.0,0.0,0.0,0.0,0.0,0.0,0.0,1.0,1.0,9.0,8.0,8.0,8.0,16.0,7.0,8.0,8.0,9.0,1.0,0.0,8.0,7.0,1.0,1.0,9.0,8.0,16.0,7.0,0.0,1.0,2.0,1.75,,8.0,,,1.0,0.0,1.0,0.8429132588207722,1.0,1.0,7.0,1.0,,,,,,,,,,,,,,,,,,,,,,CPU,sync,,ionq_simulator,simulator,True,9.0,12.571428571428571,16.0,7.0,12.571428571428571,3.4285714285714284,9.0,1.0,0.0,9.0,1.0,0.0
ghz,8,1,8,ibmq,ibm_torino,17.09146295906976,8.0,9.0,8.0,8.0,16.0,16.0,0.0,1.0,8.0,9.0,7.0,0.0,0.0,1.0,1.0,16.0,16.0,1.0,1.0,0.0,0.0,0.0,16.0,47.0,11.0,,0.0,7.0,2.0,3.0,2.875,8.0,8.0,1.0,0.0,0.0,0.0,0.0,0.0,7.0,1.0,,,0.0,0.0,0.0,0.0,7.0,0.0,1.0,8.0,0.0,0.0,0.0,0.0,0.0,0.0,0.0,1.0,1.0,9.0,8.0,8.0,8.0,16.0,7.0,8.0,8.0,9.0,1.0,0.0,8.0,7.0,1.0,1.0,32.0,133.0,60.0,7.0,0.0,126.0,2.0,0.10526315789473684,7.0,8.0,30.0,15.0,1.0,0.0,1.0,1.1805869177915156,3.5555555555555554,1.0,,,,,,,,,,,,,,,,,,,,,,,,CPU,sync,,ibm_torino,hardware,False,9.0,12.571428571428571,16.0,7.0,12.571428571428571,3.4285714285714284,9.0,1.0,0.0,9.0,1.0,0.0
ghz,9,1,8,ibmq,ibm_torino,53.336381912231445,9.0,10.0,9.0,9.0,18.0,18.0,0.0,1.0,9.0,10.0,8.0,0.0,0.0,1.0,1.0,18.0,18.0,1.0,1.0,0.0,0.0,0.0,18.0,53.0,12.0,,0.0,8.0,2.0,3.0,2.888888888888889,9.0,9.0,1.0,0.0,0.0,0.0,0.0,0.0,8.0,1.0,,,0.0,0.0,0.0,0.0,8.0,0.0,1.0,9.0,0.0,0.0,0.0,0.0,0.0,0.0,0.0,1.0,1.0,10.0,9.0,9.0,9.0,18.0,8.0,9.0,9.0,10.0,1.0,0.0,9.0,8.0,1.0,1.0,36.0,133.0,68.0,8.0,0.0,125.0,2.0,0.12030075187969924,8.0,9.0,34.0,17.0,1.0,0.0,1.0,1.140296382829547,3.6,1.0,,,,,,,,,,,,,,,,,,,,,,,,CPU,sync,,ibm_torino,hardware,False,10.0,14.023255813953488,18.0,8.0,14.023255813953488,3.9767441860465116,10.0,1.0,0.0,10.0,1.0,0.0
ghz,12,1,4,nwqsim,MPI,459.3968391418457,12.0,13.0,12.0,12.0,24.0,24.0,0.0,1.0,12.0,13.0,11.0,0.0,0.0,1.0,1.0,24.0,24.0,1.0,1.0,0.0,0.0,0.0,24.0,71.0,15.0,,0.0,11.0,2.0,3.0,2.9166666666666665,12.0,12.0,1.0,0.0,0.0,0.0,0.0,0.0,11.0,1.0,,,0.0,0.0,0.0,0.0,11.0,0.0,1.0,12.0,0.0,0.0,0.0,0.0,0.0,0.0,0.0,,,,,,,,,,,,,,,,,,,,,,,,,,,,,,,,,,,,,,,,,,,,,,,,,,,,,,,,,,,,,,,,,,,,,,,,,,,,
ghz,15,1,8,ibmq,ibm_torino,39.47091102600098,15.0,16.0,15.0,15.0,30.0,30.0,0.0,1.0,15.0,16.0,14.0,0.0,0.0,1.0,1.0,30.0,30.0,1.0,1.0,0.0,0.0,0.0,30.0,89.0,18.0,,0.0,14.0,2.0,3.0,2.933333333333333,15.0,15.0,1.0,0.0,0.0,0.0,0.0,0.0,14.0,1.0,,,0.0,0.0,0.0,0.0,14.0,0.0,1.0,15.0,0.0,0.0,0.0,0.0,0.0,0.0,0.0,1.0,1.0,16.0,15.0,15.0,15.0,30.0,14.0,15.0,15.0,16.0,1.0,0.0,15.0,14.0,1.0,1.0,60.0,133.0,116.0,14.0,0.0,119.0,2.0,0.21052631578947367,14.0,15.0,58.0,29.0,1.0,0.0,1.0,1.5609732698649168,3.75,1.0,,,,,,,,,,,,,,,,,,,,,,,,CPU,sync,,ibm_torino,hardware,False,16.0,23.571428571428573,30.0,14.0,23.571428571428573,6.428571428571429,16.0,1.0,0.0,16.0,1.0,0.0
ghz,16,1,1,nwqsim,MPI,4894.378857179122,16.0,17.0,16.0,16.0,32.0,32.0,0.0,1.0,16.0,17.0,15.0,0.0,0.0,1.0,1.0,32.0,32.0,1.0,1.0,0.0,0.0,0.0,32.0,95.0,19.0,,0.0,15.0,2.0,3.0,2.9375,16.0,16.0,1.0,0.0,0.0,0.0,0.0,0.0,15.0,1.0,,,0.0,0.0,0.0,0.0,15.0,0.0,1.0,16.0,0.0,0.0,0.0,0.0,0.0,0.0,0.0,1.0,0.0,17.0,16.0,,16.0,32.0,15.0,16.0,16.0,17.0,1.0,0.0,16.0,15.0,1.0,,,,,,,,,,,,,,1.0,0.0,1.0,,,,,,,,,,,,,,,,,,,,,,,,,,,CPU,sync,,,,,17.0,25.142857142857142,32.0,15.0,25.142857142857142,6.857142857142857,17.0,1.0,0.0,17.0,1.0,0.0
ghz,16,1,2,nwqsim,MPI,5183.712291717529,16.0,17.0,16.0,16.0,32.0,32.0,0.0,1.0,16.0,17.0,15.0,0.0,0.0,1.0,1.0,32.0,32.0,1.0,1.0,0.0,0.0,0.0,32.0,95.0,19.0,,0.0,15.0,2.0,3.0,2.9375,16.0,16.0,1.0,0.0,0.0,0.0,0.0,0.0,15.0,1.0,,,0.0,0.0,0.0,0.0,15.0,0.0,1.0,16.0,0.0,0.0,0.0,0.0,0.0,0.0,0.0,1.0,0.0,17.0,16.0,,16.0,32.0,15.0,16.0,16.0,17.0,1.0,0.0,16.0,15.0,1.0,,,,,,,,,,,,,,1.0,0.0,1.0,,,,,,,,,,,,,,,,,,,,,,,,,,,CPU,sync,,,,,17.0,25.142857142857142,32.0,15.0,25.142857142857142,6.857142857142857,17.0,1.0,0.0,17.0,1.0,0.0
ghz,16,1,4,ionq,simulator,2123.179833094279,16.0,17.0,16.0,16.0,32.0,32.0,0.0,1.0,16.0,17.0,15.0,0.0,0.0,1.0,1.0,32.0,32.0,1.0,1.0,0.0,0.0,0.0,32.0,95.0,19.0,,0.0,15.0,2.0,3.0,2.9375,16.0,16.0,1.0,0.0,0.0,0.0,0.0,0.0,15.0,1.0,,,0.0,0.0,0.0,0.0,15.0,0.0,1.0,16.0,0.0,0.0,0.0,0.0,0.0,0.0,0.0,1.0,1.0,17.0,16.0,16.0,16.0,32.0,15.0,16.0,16.0,17.0,1.0,0.0,16.0,15.0,1.0,1.0,17.0,16.0,32.0,15.0,0.0,1.0,2.0,1.875,,16.0,,,1.0,0.0,1.0,1.0572340325452387,1.0,1.0,15.0,1.0,,,,,,,,,,,,,,,,,,,,,,CPU,sync,,ionq_simulator,simulator,True,17.0,25.142857142857142,32.0,15.0,25.142857142857142,6.857142857142857,17.0,1.0,0.0,17.0,1.0,0.0
ghz,16,1,8,ibmq,ibm_torino,123.02327156066895,16.0,17.0,16.0,16.0,32.0,32.0,0.0,1.0,16.0,17.0,15.0,0.0,0.0,1.0,1.0,32.0,32.0,1.0,1.0,0.0,0.0,0.0,32.0,95.0,19.0,,0.0,15.0,2.0,3.0,2.9375,16.0,16.0,1.0,0.0,0.0,0.0,0.0,0.0,15.0,1.0,,,0.0,0.0,0.0,0.0,15.0,0.0,1.0,16.0,0.0,0.0,0.0,0.0,0.0,0.0,0.0,1.0,1.0,17.0,16.0,16.0,16.0,32.0,15.0,16.0,16.0,17.0,1.0,0.0,16.0,15.0,1.0,1.0,64.0,133.0,124.0,15.0,0.0,118.0,2.0,0.22556390977443608,15.0,16.0,62.0,31.0,1.0,0.0,1.0,3.5091798338107765,3.764705882352941,1.0,,,,,,,,,,,,,,,,,,,,,,,,CPU,sync,,ibm_torino,hardware,False,17.0,25.142857142857142,32.0,15.0,25.142857142857142,6.857142857142857,17.0,1.0,0.0,17.0,1.0,0.0
ghz,16,2,1,nwqsim,MPI,5177.44779586792,16.0,17.0,16.0,16.0,32.0,32.0,0.0,1.0,16.0,17.0,15.0,0.0,0.0,1.0,1.0,32.0,32.0,1.0,1.0,0.0,0.0,0.0,32.0,95.0,19.0,,0.0,15.0,2.0,3.0,2.9375,16.0,16.0,1.0,0.0,0.0,0.0,0.0,0.0,15.0,1.0,,,0.0,0.0,0.0,0.0,15.0,0.0,1.0,16.0,0.0,0.0,0.0,0.0,0.0,0.0,0.0,1.0,0.0,17.0,16.0,,16.0,32.0,15.0,16.0,16.0,17.0,1.0,0.0,16.0,15.0,1.0,,,,,,,,,,,,,,1.0,0.0,1.0,,,,,,,,,,,,,,,,,,,,,,,,,,,CPU,sync,,,,,17.0,25.142857142857142,32.0,15.0,25.142857142857142,6.857142857142857,17.0,1.0,0.0,17.0,1.0,0.0
ghz,16,2,2,nwqsim,MPI,2611.5057468414307,16.0,17.0,16.0,16.0,32.0,32.0,0.0,1.0,16.0,17.0,15.0,0.0,0.0,1.0,1.0,32.0,32.0,1.0,1.0,0.0,0.0,0.0,32.0,95.0,19.0,,0.0,15.0,2.0,3.0,2.9375,16.0,16.0,1.0,0.0,0.0,0.0,0.0,0.0,15.0,1.0,,,0.0,0.0,0.0,0.0,15.0,0.0,1.0,16.0,0.0,0.0,0.0,0.0,0.0,0.0,0.0,1.0,0.0,17.0,16.0,,16.0,32.0,15.0,16.0,16.0,17.0,1.0,0.0,16.0,15.0,1.0,,,,,,,,,,,,,,1.0,0.0,1.0,,,,,,,,,,,,,,,,,,,,,,,,,,,CPU,sync,,,,,17.0,25.142857142857142,32.0,15.0,25.142857142857142,6.857142857142857,17.0,1.0,0.0,17.0,1.0,0.0
ghz,20,1,1,nwqsim,MPI,4045.5377101898193,20.0,21.0,20.0,20.0,40.0,40.0,0.0,1.0,20.0,21.0,19.0,0.0,0.0,1.0,1.0,40.0,40.0,1.0,1.0,0.0,0.0,0.0,40.0,119.0,23.0,,0.0,19.0,2.0,3.0,2.95,20.0,20.0,1.0,0.0,0.0,0.0,0.0,0.0,19.0,1.0,,,0.0,0.0,0.0,0.0,19.0,0.0,1.0,20.0,0.0,0.0,0.0,0.0,0.0,0.0,0.0,1.0,0.0,21.0,20.0,,20.0,40.0,19.0,20.0,20.0,21.0,1.0,0.0,20.0,19.0,1.0,,,,,,,,,,,,,,1.0,0.0,1.0,,,,,,,,,,,,,,,,,,,,,,,,,,,CPU,sync,,,,,21.0,32.972972972972975,40.0,19.0,32.972972972972975,7.027027027027027,21.0,1.0,0.0,21.0,1.0,0.0
ghz,20,1,4,ionq,simulator,2335.142453511556,20.0,21.0,20.0,20.0,40.0,40.0,0.0,1.0,20.0,21.0,19.0,0.0,0.0,1.0,1.0,40.0,40.0,1.0,1.0,0.0,0.0,0.0,40.0,119.0,23.0,,0.0,19.0,2.0,3.0,2.95,20.0,20.0,1.0,0.0,0.0,0.0,0.0,0.0,19.0,1.0,,,0.0,0.0,0.0,0.0,19.0,0.0,1.0,20.0,0.0,0.0,0.0,0.0,0.0,0.0,0.0,1.0,1.0,21.0,20.0,20.0,20.0,40.0,19.0,20.0,20.0,21.0,1.0,0.0,20.0,19.0,1.0,1.0,21.0,20.0,40.0,19.0,0.0,1.0,2.0,1.9,,20.0,,,1.0,0.0,1.0,0.7420758709777147,1.0,1.0,19.0,1.0,,,,,,,,,,,,,,,,,,,,,,CPU,sync,,ionq_simulator,simulator,True,21.0,32.972972972972975,40.0,19.0,32.972972972972975,7.027027027027027,21.0,1.0,0.0,21.0,1.0,0.0
ghz,20,1,8,ibmq,ibm_torino,50.8122444152832,20.0,21.0,20.0,20.0,40.0,40.0,0.0,1.0,20.0,21.0,19.0,0.0,0.0,1.0,1.0,40.0,40.0,1.0,1.0,0.0,0.0,0.0,40.0,119.0,23.0,,0.0,19.0,2.0,3.0,2.95,20.0,20.0,1.0,0.0,0.0,0.0,0.0,0.0,19.0,1.0,,,0.0,0.0,0.0,0.0,19.0,0.0,1.0,20.0,0.0,0.0,0.0,0.0,0.0,0.0,0.0,1.0,1.0,21.0,20.0,20.0,20.0,40.0,19.0,20.0,20.0,21.0,1.0,0.0,20.0,19.0,1.0,1.0,80.0,133.0,156.0,19.0,0.0,114.0,2.0,0.2857142857142857,19.0,20.0,78.0,39.0,1.0,0.0,1.0,2.923521594999329,3.8095238095238093,1.0,,,,,,,,,,,,,,,,,,,,,,,,CPU,sync,,ibm_torino,hardware,False,21.0,32.972972972972975,40.0,19.0,32.972972972972975,7.027027027027027,21.0,1.0,0.0,21.0,1.0,0.0
ghz,20,1,16,nwqsim,MPI,2062.610626220703,20.0,21.0,20.0,20.0,40.0,40.0,0.0,1.0,20.0,21.0,19.0,0.0,0.0,1.0,1.0,40.0,40.0,1.0,1.0,0.0,0.0,0.0,40.0,119.0,23.0,,0.0,19.0,2.0,3.0,2.95,20.0,20.0,1.0,0.0,0.0,0.0,0.0,0.0,19.0,1.0,,,0.0,0.0,0.0,0.0,19.0,0.0,1.0,20.0,0.0,0.0,0.0,0.0,0.0,0.0,0.0,1.0,0.0,21.0,20.0,,20.0,40.0,19.0,20.0,20.0,21.0,1.0,0.0,20.0,19.0,1.0,,,,,,,,,,,,,,1.0,0.0,1.0,,,,,,,,,,,,,,,,,,,,,,,,,,,CPU,sync,,,,,21.0,32.972972972972975,40.0,19.0,32.972972972972975,7.027027027027027,21.0,1.0,0.0,21.0,1.0,0.0
ghz,20,2,8,nwqsim,MPI,702.1729946136475,20.0,21.0,20.0,20.0,40.0,40.0,0.0,1.0,20.0,21.0,19.0,0.0,0.0,1.0,1.0,40.0,40.0,1.0,1.0,0.0,0.0,0.0,40.0,119.0,23.0,,0.0,19.0,2.0,3.0,2.95,20.0,20.0,1.0,0.0,0.0,0.0,0.0,0.0,19.0,1.0,,,0.0,0.0,0.0,0.0,19.0,0.0,1.0,20.0,0.0,0.0,0.0,0.0,0.0,0.0,0.0,1.0,0.0,21.0,20.0,,20.0,40.0,19.0,20.0,20.0,21.0,1.0,0.0,20.0,19.0,1.0,,,,,,,,,,,,,,1.0,0.0,1.0,,,,,,,,,,,,,,,,,,,,,,,,,,,CPU,sync,,,,,21.0,32.972972972972975,40.0,19.0,32.972972972972975,7.027027027027027,21.0,1.0,0.0,21.0,1.0,0.0
ghz,23,1,8,ibmq,ibm_torino,48.28000068664551,,24.0,37.91891891891892,,46.0,,,,,,22.0,,,,,,,,,,,,,,,,,,,,,37.91891891891892,8.08108108108108,,,,,,,,,,,,,,,,,,,,,,,,,,1.0,1.0,24.0,23.0,23.0,23.0,46.0,22.0,23.0,23.0,24.0,1.0,0.0,23.0,22.0,1.0,1.0,92.0,133.0,180.0,22.0,0.0,111.0,2.0,0.3308270676691729,22.0,23.0,90.0,45.0,1.0,0.0,1.0,3.147753951998311,3.8333333333333335,1.0,,,,,,,,,,,,,,,,,,,,,,,,CPU,sync,,ibm_torino,hardware,False,24.0,37.91891891891892,46.0,22.0,37.91891891891892,8.08108108108108,24.0,1.0,0.0,24.0,1.0,0.0
ghz,24,1,8,ionq,simulator,2931.579828262329,,25.0,24.0,,48.0,,,,,,23.0,,,,,,,,,,,,,,,,,,,,,24.0,24.0,,,,,,,,,,,,,,,,,,,,,,,,,,,,,,,,,,,,,,,,,,,,,,,,,,,,,,,,,,,,,,,,,,,,,,,,,,,,,,,,,,,,,,,,,,25.0,24.0,48.0,23.0,24.0,24.0,25.0,1.0,0.0,25.0,1.0,0.0
ghz,24,2,8,nwqsim,MPI,1745.8561261494954,,25.0,24.0,,48.0,,,,,,23.0,,,,,,,,,,,,,,,,,,,,,24.0,24.0,,,,,,,,,,,,,,,,,,,,,,,,,,,,,,,,,,,,,,,,,,,,,,,,,,,,,,,,,,,,,,,,,,,,,,,,,,,,,,,,,,,,,,,,,,25.0,24.0,48.0,23.0,24.0,24.0,25.0,1.0,0.0,25.0,1.0,0.0
ghz,24,8,4,nwqsim,MPI,5184.860563278198,,25.0,24.0,,48.0,,,,,,23.0,,,,,,,,,,,,,,,,,,,,,24.0,24.0,,,,,,,,,,,,,,,,,,,,,,,,,,,,,,,,,,,,,,,,,,,,,,,,,,,,,,,,,,,,,,,,,,,,,,,,,,,,,,,,,,,,,,,,,,25.0,24.0,48.0,23.0,24.0,24.0,25.0,1.0,0.0,25.0,1.0,0.0
ghz,24,16,8,nwqsim,MPI,5187.581205368042,,25.0,24.0,,48.0,,,,,,23.0,,,,,,,,,,,,,,,,,,,,,24.0,24.0,,,,,,,,,,,,,,,,,,,,,,,,,,,,,,,,,,,,,,,,,,,,,,,,,,,,,,,,,,,,,,,,,,,,,,,,,,,,,,,,,,,,,,,,,,25.0,24.0,48.0,23.0,24.0,24.0,25.0,1.0,0.0,25.0,1.0,0.0
ghz,25,1,8,ionq,simulator,4996.642231941223,,26.0,25.0,,50.0,,,,,,24.0,,,,,,,,,,,,,,,,,,,,,25.0,25.0,,,,,,,,,,,,,,,,,,,,,,,,,,1.0,1.5,26.0,25.0,25.0,25.0,50.0,24.0,25.0,25.0,26.0,1.0,0.0,25.0,24.0,1.0,1.5,26.0,25.0,50.0,24.0,0.0,1.0,2.0,1.92,,25.0,,,1.0,0.0,1.0,0.45285940635949373,1.0,1.0,24.0,1.0,,,,,,,,,,,,,,,,,,,,,,CPU,sync,,ionq_simulator,simulator,True,26.0,25.0,50.0,24.0,25.0,25.0,26.0,1.0,0.0,26.0,1.0,0.0
ghz,26,1,1,nwqsim,MPI,139849.4740486145,,27.0,26.0,,52.0,,,,,,25.0,,,,,,,,,,,,,,,,,,,,,26.0,26.0,,,,,,,,,,,,,,,,,,,,,,,,,,,,,,,,,,,,,,,,,,,,,,,,,,,,,,,,,,,,,,,,,,,,,,,,,,,,,,,,,,,,,,,,,,27.0,26.0,52.0,25.0,26.0,26.0,27.0,1.0,0.0,27.0,1.0,0.0
ghz,26,1,8,ionq,simulator,11273.13619852066,,27.0,26.0,,52.0,,,,,,25.0,,,,,,,,,,,,,,,,,,,,,26.0,26.0,,,,,,,,,,,,,,,,,,,,,,,,,,1.0,1.5,27.0,26.0,26.0,26.0,52.0,25.0,26.0,26.0,27.0,1.0,0.0,26.0,25.0,1.0,1.5,27.0,26.0,52.0,25.0,0.0,1.0,2.0,1.9230769230769231,,26.0,,,1.0,0.0,1.0,0.4351080508204177,1.0,1.0,25.0,1.0,,,,,,,,,,,,,,,,,,,,,,CPU,sync,,ionq_simulator,simulator,True,27.0,26.0,52.0,25.0,26.0,26.0,27.0,1.0,0.0,27.0,1.0,0.0
ghz,26,1,16,nwqsim,MPI,14243.505430221558,,27.0,26.0,,52.0,,,,,,25.0,,,,,,,,,,,,,,,,,,,,,26.0,26.0,,,,,,,,,,,,,,,,,,,,,,,,,,,,,,,,,,,,,,,,,,,,,,,,,,,,,,,,,,,,,,,,,,,,,,,,,,,,,,,,,,,,,,,,,,27.0,26.0,52.0,25.0,26.0,26.0,27.0,1.0,0.0,27.0,1.0,0.0
ghz,26,2,2,nwqsim,MPI,40523.04539680481,,27.0,26.0,,52.0,,,,,,25.0,,,,,,,,,,,,,,,,,,,,,26.0,26.0,,,,,,,,,,,,,,,,,,,,,,,,,,,,,,,,,,,,,,,,,,,,,,,,,,,,,,,,,,,,,,,,,,,,,,,,,,,,,,,,,,,,,,,,,,27.0,26.0,52.0,25.0,26.0,26.0,27.0,1.0,0.0,27.0,1.0,0.0
ghz,26,2,4,nwqsim,MPI,25374.394464492798,,27.0,26.0,,52.0,,,,,,25.0,,,,,,,,,,,,,,,,,,,,,26.0,26.0,,,,,,,,,,,,,,,,,,,,,,,,,,,,,,,,,,,,,,,,,,,,,,,,,,,,,,,,,,,,,,,,,,,,,,,,,,,,,,,,,,,,,,,,,,27.0,26.0,52.0,25.0,26.0,26.0,27.0,1.0,0.0,27.0,1.0,0.0
ghz,26,2,8,nwqsim,MPI,15324.178981781006,,27.0,26.0,,52.0,,,,,,25.0,,,,,,,,,,,,,,,,,,,,,26.0,26.0,,,,,,,,,,,,,,,,,,,,,,,,,,,,,,,,,,,,,,,,,,,,,,,,,,,,,,,,,,,,,,,,,,,,,,,,,,,,,,,,,,,,,,,,,,27.0,26.0,52.0,25.0,26.0,26.0,27.0,1.0,0.0,27.0,1.0,0.0
ghz,26,4,2,nwqsim,MPI,25366.319799423218,,27.0,26.0,,52.0,,,,,,25.0,,,,,,,,,,,,,,,,,,,,,26.0,26.0,,,,,,,,,,,,,,,,,,,,,,,,,,,,,,,,,,,,,,,,,,,,,,,,,,,,,,,,,,,,,,,,,,,,,,,,,,,,,,,,,,,,,,,,,,27.0,26.0,52.0,25.0,26.0,26.0,27.0,1.0,0.0,27.0,1.0,0.0
ghz,26,4,4,nwqsim,MPI,15282.257747650146,,27.0,26.0,,52.0,,,,,,25.0,,,,,,,,,,,,,,,,,,,,,26.0,26.0,,,,,,,,,,,,,,,,,,,,,,,,,,,,,,,,,,,,,,,,,,,,,,,,,,,,,,,,,,,,,,,,,,,,,,,,,,,,,,,,,,,,,,,,,,27.0,26.0,52.0,25.0,26.0,26.0,27.0,1.0,0.0,27.0,1.0,0.0
ghz,26,4,8,nwqsim,MPI,10237.291669845581,,27.0,26.0,,52.0,,,,,,25.0,,,,,,,,,,,,,,,,,,,,,26.0,26.0,,,,,,,,,,,,,,,,,,,,,,,,,,,,,,,,,,,,,,,,,,,,,,,,,,,,,,,,,,,,,,,,,,,,,,,,,,,,,,,,,,,,,,,,,,27.0,26.0,52.0,25.0,26.0,26.0,27.0,1.0,0.0,27.0,1.0,0.0
ghz,26,8,2,nwqsim,MPI,15282.114887237549,,27.0,26.0,,52.0,,,,,,25.0,,,,,,,,,,,,,,,,,,,,,26.0,26.0,,,,,,,,,,,,,,,,,,,,,,,,,,,,,,,,,,,,,,,,,,,,,,,,,,,,,,,,,,,,,,,,,,,,,,,,,,,,,,,,,,,,,,,,,,27.0,26.0,52.0,25.0,26.0,26.0,27.0,1.0,0.0,27.0,1.0,0.0
ghz,26,8,4,nwqsim,MPI,10229.359221458435,,27.0,26.0,,52.0,,,,,,25.0,,,,,,,,,,,,,,,,,,,,,26.0,26.0,,,,,,,,,,,,,,,,,,,,,,,,,,,,,,,,,,,,,,,,,,,,,,,,,,,,,,,,,,,,,,,,,,,,,,,,,,,,,,,,,,,,,,,,,,27.0,26.0,52.0,25.0,26.0,26.0,27.0,1.0,0.0,27.0,1.0,0.0
ghz,26,8,8,nwqsim,MPI,5692.432904243469,,27.0,26.0,,52.0,,,,,,25.0,,,,,,,,,,,,,,,,,,,,,26.0,26.0,,,,,,,,,,,,,,,,,,,,,,,,,,,,,,,,,,,,,,,,,,,,,,,,,,,,,,,,,,,,,,,,,,,,,,,,,,,,,,,,,,,,,,,,,,27.0,26.0,52.0,25.0,26.0,26.0,27.0,1.0,0.0,27.0,1.0,0.0
ghz,26,16,2,nwqsim,MPI,10225.878477096558,,27.0,26.0,,52.0,,,,,,25.0,,,,,,,,,,,,,,,,,,,,,26.0,26.0,,,,,,,,,,,,,,,,,,,,,,,,,,,,,,,,,,,,,,,,,,,,,,,,,,,,,,,,,,,,,,,,,,,,,,,,,,,,,,,,,,,,,,,,,,27.0,26.0,52.0,25.0,26.0,26.0,27.0,1.0,0.0,27.0,1.0,0.0
ghz,26,16,4,nwqsim,MPI,5694.360280036926,,27.0,26.0,,52.0,,,,,,25.0,,,,,,,,,,,,,,,,,,,,,26.0,26.0,,,,,,,,,,,,,,,,,,,,,,,,,,,,,,,,,,,,,,,,,,,,,,,,,,,,,,,,,,,,,,,,,,,,,,,,,,,,,,,,,,,,,,,,,,27.0,26.0,52.0,25.0,26.0,26.0,27.0,1.0,0.0,27.0,1.0,0.0
ghz,26,16,8,nwqsim,MPI,5191.100287437439,,27.0,26.0,,52.0,,,,,,25.0,,,,,,,,,,,,,,,,,,,,,26.0,26.0,,,,,,,,,,,,,,,,,,,,,,,,,,,,,,,,,,,,,,,,,,,,,,,,,,,,,,,,,,,,,,,,,,,,,,,,,,,,,,,,,,,,,,,,,,27.0,26.0,52.0,25.0,26.0,26.0,27.0,1.0,0.0,27.0,1.0,0.0
ghz,27,1,8,ionq,simulator,13185.913244883219,,28.0,27.0,,54.0,,,,,,26.0,,,,,,,,,,,,,,,,,,,,,27.0,27.0,,,,,,,,,,,,,,,,,,,,,,,,,,1.0,2.0,28.0,27.0,27.0,27.0,54.0,26.0,27.0,27.0,28.0,1.0,0.0,27.0,26.0,1.0,2.0,28.0,27.0,54.0,26.0,0.0,1.0,2.0,1.9259259259259258,,27.0,,,1.0,0.0,1.0,0.448053203523159,1.0,1.0,26.0,1.0,,,,,,,,,,,,,,,,,,,,,,CPU,sync,,ionq_simulator,simulator,True,28.0,27.0,54.0,26.0,27.0,27.0,28.0,1.0,0.0,28.0,1.0,0.0
ghz,28,1,1,nwqsim,MPI,565353.2549858093,,29.0,28.0,,56.0,,,,,,27.0,,,,,,,,,,,,,,,,,,,,,28.0,28.0,,,,,,,,,,,,,,,,,,,,,,,,,,,,,,,,,,,,,,,,,,,,,,,,,,,,,,,,,,,,,,,,,,,,,,,,,,,,,,,,,,,,,,,,,,29.0,28.0,56.0,27.0,28.0,28.0,29.0,1.0,0.0,29.0,1.0,0.0
ghz,28,1,8,ibmq,ibm_boston,10712.105214595795,,29.0,28.0,,56.0,,,,,,27.0,,,,,,,,,,,,,,,,,,,,,28.0,28.0,,,,,,,,,,,,,,,,,,,,,,,,,,1.0,1.5,29.0,28.0,28.0,28.0,56.0,27.0,28.0,28.0,29.0,1.0,0.0,28.0,27.0,1.0,1.5,131.5,156.0,316.75,63.75,0.0,127.0,2.25,0.3717948717948718,63.75,28.0,96.5,128.5,1.0,0.0,1.0,2.429357350221835,4.5344827586206895,2.361111111111111,,,,,,,,,,,,,,,,,,,,,,,,CPU,sync,,,hardware,False,29.0,28.0,56.0,27.0,28.0,28.0,29.0,1.0,0.0,29.0,1.0,0.0
ghz,28,1,16,nwqsim,MPI,52326.11422538757,,29.0,28.0,,56.0,,,,,,27.0,,,,,,,,,,,,,,,,,,,,,28.0,28.0,,,,,,,,,,,,,,,,,,,,,,,,,,,,,,,,,,,,,,,,,,,,,,,,,,,,,,,,,,,,,,,,,,,,,,,,,,,,,,,,,,,,,,,,,,29.0,28.0,56.0,27.0,28.0,28.0,29.0,1.0,0.0,29.0,1.0,0.0
ghz,28,2,2,nwqsim,MPI,156589.47625160217,,29.0,28.0,,56.0,,,,,,27.0,,,,,,,,,,,,,,,,,,,,,28.0,28.0,,,,,,,,,,,,,,,,,,,,,,,,,,,,,,,,,,,,,,,,,,,,,,,,,,,,,,,,,,,,,,,,,,,,,,,,,,,,,,,,,,,,,,,,,,29.0,28.0,56.0,27.0,28.0,28.0,29.0,1.0,0.0,29.0,1.0,0.0
ghz,28,2,4,nwqsim,MPI,90999.11642074585,,29.0,28.0,,56.0,,,,,,27.0,,,,,,,,,,,,,,,,,,,,,28.0,28.0,,,,,,,,,,,,,,,,,,,,,,,,,,,,,,,,,,,,,,,,,,,,,,,,,,,,,,,,,,,,,,,,,,,,,,,,,,,,,,,,,,,,,,,,,,29.0,28.0,56.0,27.0,28.0,28.0,29.0,1.0,0.0,29.0,1.0,0.0
ghz,28,2,8,qiskitaer,automatic,6858.5686683654785,,29.0,28.0,,56.0,,,,,,27.0,,,,,,,,,,,,,,,,,,,,,28.0,28.0,,,,,,,,,,,,,,,,,,,,,,,,,,,,,,,,,,,,,,,,,,,,,,,,,,,,,,,,,,,,,,,,,,,,,,,,,,,,,,,,,,,,,,,,,,29.0,28.0,56.0,27.0,28.0,28.0,29.0,1.0,0.0,29.0,1.0,0.0
ghz,28,4,2,nwqsim,MPI,92001.37057304382,,29.0,28.0,,56.0,,,,,,27.0,,,,,,,,,,,,,,,,,,,,,28.0,28.0,,,,,,,,,,,,,,,,,,,,,,,,,,,,,,,,,,,,,,,,,,,,,,,,,,,,,,,,,,,,,,,,,,,,,,,,,,,,,,,,,,,,,,,,,,29.0,28.0,56.0,27.0,28.0,28.0,29.0,1.0,0.0,29.0,1.0,0.0
ghz,28,4,4,nwqsim,MPI,50660.01148223877,,29.0,28.0,,56.0,,,,,,27.0,,,,,,,,,,,,,,,,,,,,,28.0,28.0,,,,,,,,,,,,,,,,,,,,,,,,,,,,,,,,,,,,,,,,,,,,,,,,,,,,,,,,,,,,,,,,,,,,,,,,,,,,,,,,,,,,,,,,,,29.0,28.0,56.0,27.0,28.0,28.0,29.0,1.0,0.0,29.0,1.0,0.0
ghz,28,4,8,nwqsim,MPI,26392.56672859192,,29.0,28.0,,56.0,,,,,,27.0,,,,,,,,,,,,,,,,,,,,,28.0,28.0,,,,,,,,,,,,,,,,,,,,,,,,,,,,,,,,,,,,,,,,,,,,,,,,,,,,,,,,,,,,,,,,,,,,,,,,,,,,,,,,,,,,,,,,,,29.0,28.0,56.0,27.0,28.0,28.0,29.0,1.0,0.0,29.0,1.0,0.0
ghz,28,8,2,nwqsim,MPI,50624.954652786255,,29.0,28.0,,56.0,,,,,,27.0,,,,,,,,,,,,,,,,,,,,,28.0,28.0,,,,,,,,,,,,,,,,,,,,,,,,,,,,,,,,,,,,,,,,,,,,,,,,,,,,,,,,,,,,,,,,,,,,,,,,,,,,,,,,,,,,,,,,,,29.0,28.0,56.0,27.0,28.0,28.0,29.0,1.0,0.0,29.0,1.0,0.0
ghz,28,8,4,nwqsim,MPI,25404.964447021484,,29.0,28.0,,56.0,,,,,,27.0,,,,,,,,,,,,,,,,,,,,,28.0,28.0,,,,,,,,,,,,,,,,,,,,,,,,,,,,,,,,,,,,,,,,,,,,,,,,,,,,,,,,,,,,,,,,,,,,,,,,,,,,,,,,,,,,,,,,,,29.0,28.0,56.0,27.0,28.0,28.0,29.0,1.0,0.0,29.0,1.0,0.0
ghz,28,8,8,nwqsim,MPI,15278.055548667908,,29.0,28.0,,56.0,,,,,,27.0,,,,,,,,,,,,,,,,,,,,,28.0,28.0,,,,,,,,,,,,,,,,,,,,,,,,,,,,,,,,,,,,,,,,,,,,,,,,,,,,,,,,,,,,,,,,,,,,,,,,,,,,,,,,,,,,,,,,,,29.0,28.0,56.0,27.0,28.0,28.0,29.0,1.0,0.0,29.0,1.0,0.0
ghz,28,16,2,nwqsim,MPI,25369.946241378784,,29.0,28.0,,56.0,,,,,,27.0,,,,,,,,,,,,,,,,,,,,,28.0,28.0,,,,,,,,,,,,,,,,,,,,,,,,,,,,,,,,,,,,,,,,,,,,,,,,,,,,,,,,,,,,,,,,,,,,,,,,,,,,,,,,,,,,,,,,,,29.0,28.0,56.0,27.0,28.0,28.0,29.0,1.0,0.0,29.0,1.0,0.0
ghz,28,16,4,nwqsim,MPI,15281.844186782837,,29.0,28.0,,56.0,,,,,,27.0,,,,,,,,,,,,,,,,,,,,,28.0,28.0,,,,,,,,,,,,,,,,,,,,,,,,,,,,,,,,,,,,,,,,,,,,,,,,,,,,,,,,,,,,,,,,,,,,,,,,,,,,,,,,,,,,,,,,,,29.0,28.0,56.0,27.0,28.0,28.0,29.0,1.0,0.0,29.0,1.0,0.0
ghz,28,16,8,nwqsim,MPI,10241.570734977722,,29.0,28.0,,56.0,,,,,,27.0,,,,,,,,,,,,,,,,,,,,,28.0,28.0,,,,,,,,,,,,,,,,,,,,,,,,,,,,,,,,,,,,,,,,,,,,,,,,,,,,,,,,,,,,,,,,,,,,,,,,,,,,,,,,,,,,,,,,,,29.0,28.0,56.0,27.0,28.0,28.0,29.0,1.0,0.0,29.0,1.0,0.0
ghz,29,1,8,ibmq,ibm_boston,14896.678745746613,,30.0,29.0,,58.0,,,,,,28.0,,,,,,,,,,,,,,,,,,,,,29.0,29.0,,,,,,,,,,,,,,,,,,,,,,,,,,1.0,1.5,30.0,29.0,29.0,29.0,58.0,28.0,29.0,29.0,30.0,1.0,0.0,29.0,28.0,1.0,1.5,132.0,156.0,306.25,58.75,0.0,126.25,2.25,0.3814102564102564,58.75,29.0,100.0,118.5,1.0,0.0,1.0,2.4544934573350474,4.3999999999999995,2.0982142857142856,,,,,,,,,,,,,,,,,,,,,,,,CPU,sync,,,hardware,False,30.0,29.0,58.0,28.0,29.0,29.0,30.0,1.0,0.0,30.0,1.0,0.0
ghz,30,1,8,ibmq,ibm_boston,22640.694797039032,,31.0,30.0,,60.0,,,,,,29.0,,,,,,,,,,,,,,,,,,,,,30.0,30.0,,,,,,,,,,,,,,,,,,,,,,,,,,1.0,1.5,31.0,30.0,30.0,30.0,60.0,29.0,30.0,30.0,31.0,1.0,0.0,30.0,29.0,1.0,1.5,141.75,156.0,322.75,62.75,0.0,126.5,2.25,0.3782051282051282,62.75,30.0,103.5,126.5,1.0,0.0,1.0,2.708398555754684,4.57258064516129,2.163793103448276,,,,,,,,,,,,,,,,,,,,,,,,CPU,sync,,,hardware,False,31.0,30.0,60.0,29.0,30.0,30.0,31.0,1.0,0.0,31.0,1.0,0.0
ghz,30,1,16,nwqsim,MPI,203501.65247917175,,31.0,30.0,,60.0,,,,,,29.0,,,,,,,,,,,,,,,,,,,,,30.0,30.0,,,,,,,,,,,,,,,,,,,,,,,,,,,,,,,,,,,,,,,,,,,,,,,,,,,,,,,,,,,,,,,,,,,,,,,,,,,,,,,,,,,,,,,,,,31.0,30.0,60.0,29.0,30.0,30.0,31.0,1.0,0.0,31.0,1.0,0.0
ghz,30,2,4,nwqsim,MPI,351461.95096969604,,31.0,30.0,,60.0,,,,,,29.0,,,,,,,,,,,,,,,,,,,,,30.0,30.0,,,,,,,,,,,,,,,,,,,,,,,,,,,,,,,,,,,,,,,,,,,,,,,,,,,,,,,,,,,,,,,,,,,,,,,,,,,,,,,,,,,,,,,,,,31.0,30.0,60.0,29.0,30.0,30.0,31.0,1.0,0.0,31.0,1.0,0.0
ghz,30,2,8,qiskitaer,automatic,6576.896667480469,,31.0,30.0,,60.0,,,,,,29.0,,,,,,,,,,,,,,,,,,,,,30.0,30.0,,,,,,,,,,,,,,,,,,,,,,,,,,,,,,,,,,,,,,,,,,,,,,,,,,,,,,,,,,,,,,,,,,,,,,,,,,,,,,,,,,,,,,,,,,31.0,30.0,60.0,29.0,30.0,30.0,31.0,1.0,0.0,31.0,1.0,0.0
ghz,30,2,16,qiskitaer,automatic,7867.343823115031,,31.0,30.0,,60.0,,,,,,29.0,,,,,,,,,,,,,,,,,,,,,30.0,30.0,,,,,,,,,,,,,,,,,,,,,,,,,,,,,,,,,,,,,,,,,,,,,,,,,,,,,,,,,,,,,,,,,,,,,,,,,,,,,,,,,,,,,,,,,,31.0,30.0,60.0,29.0,30.0,30.0,31.0,1.0,0.0,31.0,1.0,0.0
ghz,30,4,2,nwqsim,MPI,352381.5001487732,,31.0,30.0,,60.0,,,,,,29.0,,,,,,,,,,,,,,,,,,,,,30.0,30.0,,,,,,,,,,,,,,,,,,,,,,,,,,,,,,,,,,,,,,,,,,,,,,,,,,,,,,,,,,,,,,,,,,,,,,,,,,,,,,,,,,,,,,,,,,31.0,30.0,60.0,29.0,30.0,30.0,31.0,1.0,0.0,31.0,1.0,0.0
ghz,30,4,4,nwqsim,MPI,181955.25994300842,,31.0,30.0,,60.0,,,,,,29.0,,,,,,,,,,,,,,,,,,,,,30.0,30.0,,,,,,,,,,,,,,,,,,,,,,,,,,,,,,,,,,,,,,,,,,,,,,,,,,,,,,,,,,,,,,,,,,,,,,,,,,,,,,,,,,,,,,,,,,31.0,30.0,60.0,29.0,30.0,30.0,31.0,1.0,0.0,31.0,1.0,0.0
ghz,30,4,8,nwqsim,MPI,96125.5069732666,,31.0,30.0,,60.0,,,,,,29.0,,,,,,,,,,,,,,,,,,,,,30.0,30.0,,,,,,,,,,,,,,,,,,,,,,,,,,,,,,,,,,,,,,,,,,,,,,,,,,,,,,,,,,,,,,,,,,,,,,,,,,,,,,,,,,,,,,,,,,31.0,30.0,60.0,29.0,30.0,30.0,31.0,1.0,0.0,31.0,1.0,0.0
ghz,30,8,2,nwqsim,MPI,181886.22012138367,,31.0,30.0,,60.0,,,,,,29.0,,,,,,,,,,,,,,,,,,,,,30.0,30.0,,,,,,,,,,,,,,,,,,,,,,,,,,,,,,,,,,,,,,,,,,,,,,,,,,,,,,,,,,,,,,,,,,,,,,,,,,,,,,,,,,,,,,,,,,31.0,30.0,60.0,29.0,30.0,30.0,31.0,1.0,0.0,31.0,1.0,0.0
ghz,30,8,4,nwqsim,MPI,96528.38048934937,,31.0,30.0,,60.0,,,,,,29.0,,,,,,,,,,,,,,,,,,,,,30.0,30.0,,,,,,,,,,,,,,,,,,,,,,,,,,,,,,,,,,,,,,,,,,,,,,,,,,,,,,,,,,,,,,,,,,,,,,,,,,,,,,,,,,,,,,,,,,31.0,30.0,60.0,29.0,30.0,30.0,31.0,1.0,0.0,31.0,1.0,0.0
ghz,30,8,8,nwqsim,MPI,55679.5752286911,,31.0,30.0,,60.0,,,,,,29.0,,,,,,,,,,,,,,,,,,,,,30.0,30.0,,,,,,,,,,,,,,,,,,,,,,,,,,,,,,,,,,,,,,,,,,,,,,,,,,,,,,,,,,,,,,,,,,,,,,,,,,,,,,,,,,,,,,,,,,31.0,30.0,60.0,29.0,30.0,30.0,31.0,1.0,0.0,31.0,1.0,0.0
ghz,30,16,2,nwqsim,MPI,97064.28442001343,,31.0,30.0,,60.0,,,,,,29.0,,,,,,,,,,,,,,,,,,,,,30.0,30.0,,,,,,,,,,,,,,,,,,,,,,,,,,,,,,,,,,,,,,,,,,,,,,,,,,,,,,,,,,,,,,,,,,,,,,,,,,,,,,,,,,,,,,,,,,31.0,30.0,60.0,29.0,30.0,30.0,31.0,1.0,0.0,31.0,1.0,0.0
ghz,30,16,4,nwqsim,MPI,55699.2461681366,,31.0,30.0,,60.0,,,,,,29.0,,,,,,,,,,,,,,,,,,,,,30.0,30.0,,,,,,,,,,,,,,,,,,,,,,,,,,,,,,,,,,,,,,,,,,,,,,,,,,,,,,,,,,,,,,,,,,,,,,,,,,,,,,,,,,,,,,,,,,31.0,30.0,60.0,29.0,30.0,30.0,31.0,1.0,0.0,31.0,1.0,0.0
ghz,30,16,8,nwqsim,MPI,30434.798431396484,,31.0,30.0,,60.0,,,,,,29.0,,,,,,,,,,,,,,,,,,,,,30.0,30.0,,,,,,,,,,,,,,,,,,,,,,,,,,,,,,,,,,,,,,,,,,,,,,,,,,,,,,,,,,,,,,,,,,,,,,,,,,,,,,,,,,,,,,,,,,31.0,30.0,60.0,29.0,30.0,30.0,31.0,1.0,0.0,31.0,1.0,0.0
ghz,31,1,8,ibmq,ibm_boston,21273.986518383026,,32.0,31.0,,62.0,,,,,,30.0,,,,,,,,,,,,,,,,,,,,,31.0,31.0,,,,,,,,,,,,,,,,,,,,,,,,,,1.0,1.5,32.0,31.0,31.0,31.0,62.0,30.0,31.0,31.0,32.0,1.0,0.0,31.0,30.0,1.0,1.5,147.75,156.0,341.5,67.5,0.0,126.0,2.25,0.38461538461538464,67.5,31.0,107.0,136.0,1.0,0.0,1.0,2.536609325092286,4.6171875,2.25,,,,,,,,,,,,,,,,,,,,,,,,CPU,sync,,,hardware,False,32.0,31.0,62.0,30.0,31.0,31.0,32.0,1.0,0.0,32.0,1.0,0.0
ghz,32,1,8,ibmq,ibm_boston,20360.401928424835,,33.0,32.0,,64.0,,,,,,31.0,,,,,,,,,,,,,,,,,,,,,32.0,32.0,,,,,,,,,,,,,,,,,,,,,,,,,,1.0,1.5,33.0,32.0,32.0,32.0,64.0,31.0,32.0,32.0,33.0,1.0,0.0,32.0,31.0,1.0,1.5,150.0,156.0,337.75,64.75,0.0,124.0,2.25,0.41025641025641024,64.75,32.0,110.5,130.5,1.0,0.0,1.0,2.56233629246708,4.545454545454545,2.088709677419355,,,,,,,,,,,,,,,,,,,,,,,,CPU,sync,,,hardware,False,33.0,32.0,64.0,31.0,32.0,32.0,33.0,1.0,0.0,33.0,1.0,0.0
ghz,32,2,8,qiskitaer,automatic,7187.36457824707,,33.0,32.0,,64.0,,,,,,31.0,,,,,,,,,,,,,,,,,,,,,32.0,32.0,,,,,,,,,,,,,,,,,,,,,,,,,,,,,,,,,,,,,,,,,,,,,,,,,,,,,,,,,,,,,,,,,,,,,,,,,,,,,,,,,,,,,,,,,,33.0,32.0,64.0,31.0,32.0,32.0,33.0,1.0,0.0,33.0,1.0,0.0
ghz,32,4,8,nwqsim,MPI,383452.433347702,,33.0,32.0,,64.0,,,,,,31.0,,,,,,,,,,,,,,,,,,,,,32.0,32.0,,,,,,,,,,,,,,,,,,,,,,,,,,,,,,,,,,,,,,,,,,,,,,,,,,,,,,,,,,,,,,,,,,,,,,,,,,,,,,,,,,,,,,,,,,33.0,32.0,64.0,31.0,32.0,32.0,33.0,1.0,0.0,33.0,1.0,0.0
ghz,32,8,4,nwqsim,MPI,383164.93690013885,,33.0,32.0,,64.0,,,,,,31.0,,,,,,,,,,,,,,,,,,,,,32.0,32.0,,,,,,,,,,,,,,,,,,,,,,,,,,,,,,,,,,,,,,,,,,,,,,,,,,,,,,,,,,,,,,,,,,,,,,,,,,,,,,,,,,,,,,,,,,33.0,32.0,64.0,31.0,32.0,32.0,33.0,1.0,0.0,33.0,1.0,0.0
ghz,32,8,8,nwqsim,MPI,206375.51563978195,,33.0,32.0,,64.0,,,,,,31.0,,,,,,,,,,,,,,,,,,,,,32.0,32.0,,,,,,,,,,,,,,,,,,,,,,,,,,,,,,,,,,,,,,,,,,,,,,,,,,,,,,,,,,,,,,,,,,,,,,,,,,,,,,,,,,,,,,,,,,33.0,32.0,64.0,31.0,32.0,32.0,33.0,1.0,0.0,33.0,1.0,0.0
ghz,32,16,2,nwqsim,MPI,382673.71039390564,,33.0,32.0,,64.0,,,,,,31.0,,,,,,,,,,,,,,,,,,,,,32.0,32.0,,,,,,,,,,,,,,,,,,,,,,,,,,,,,,,,,,,,,,,,,,,,,,,,,,,,,,,,,,,,,,,,,,,,,,,,,,,,,,,,,,,,,,,,,,33.0,32.0,64.0,31.0,32.0,32.0,33.0,1.0,0.0,33.0,1.0,0.0
ghz,32,16,4,nwqsim,MPI,203089.26181793213,,33.0,32.0,,64.0,,,,,,31.0,,,,,,,,,,,,,,,,,,,,,32.0,32.0,,,,,,,,,,,,,,,,,,,,,,,,,,,,,,,,,,,,,,,,,,,,,,,,,,,,,,,,,,,,,,,,,,,,,,,,,,,,,,,,,,,,,,,,,,33.0,32.0,64.0,31.0,32.0,32.0,33.0,1.0,0.0,33.0,1.0,0.0
ghz,32,16,8,nwqsim,MPI,111229.27713394165,,33.0,32.0,,64.0,,,,,,31.0,,,,,,,,,,,,,,,,,,,,,32.0,32.0,,,,,,,,,,,,,,,,,,,,,,,,,,,,,,,,,,,,,,,,,,,,,,,,,,,,,,,,,,,,,,,,,,,,,,,,,,,,,,,,,,,,,,,,,,33.0,32.0,64.0,31.0,32.0,32.0,33.0,1.0,0.0,33.0,1.0,0.0
ghz,33,1,8,ibmq,ibm_boston,16848.36459159851,,34.0,33.0,,66.0,,,,,,32.0,,,,,,,,,,,,,,,,,,,,,33.0,33.0,,,,,,,,,,,,,,,,,,,,,,,,,,1.0,1.5,34.0,33.0,33.0,33.0,66.0,32.0,33.0,33.0,34.0,1.0,0.0,33.0,32.0,1.0,1.5,155.0,156.0,363.25,71.75,0.0,123.25,2.25,0.4198717948717949,71.75,33.0,114.0,144.5,1.0,0.0,1.0,2.5863736857427284,4.5588235294117645,2.2421875,,,,,,,,,,,,,,,,,,,,,,,,CPU,sync,,,hardware,False,34.0,33.0,66.0,32.0,33.0,33.0,34.0,1.0,0.0,34.0,1.0,0.0
ghz,34,1,8,ibmq,ibm_boston,22520.266890525818,,35.0,34.0,,68.0,,,,,,33.0,,,,,,,,,,,,,,,,,,,,,34.0,34.0,,,,,,,,,,,,,,,,,,,,,,,,,,1.0,1.5,35.0,34.0,34.0,34.0,68.0,33.0,34.0,34.0,35.0,1.0,0.0,34.0,33.0,1.0,1.5,157.0,156.0,364.0,70.5,0.0,122.5,2.25,0.4294871794871795,70.5,34.0,117.5,142.0,1.0,0.0,1.0,2.702537080622278,4.485714285714286,2.1363636363636367,,,,,,,,,,,,,,,,,,,,,,,,CPU,sync,,,hardware,False,35.0,34.0,68.0,33.0,34.0,34.0,35.0,1.0,0.0,35.0,1.0,0.0
ham,4,1,4,nwqsim,MPI,496.9308376312256,4.0,13.0,4.0,4.0,25.0,25.0,0.0,1.0,4.0,19.0,6.0,0.0,0.0,1.0,1.0,25.0,8.0,1.0,1.0,0.0,0.0,0.0,25.0,43.0,15.0,,0.0,3.0,6.0,9.0,7.75,14.0,11.0,1.0,7.0,0.28,0.4489988864128729,0.0,1.0,6.0,1.0,,,0.0,0.0,0.0,0.0,6.0,0.0,8.0,4.0,0.0,0.0,0.0,7.0,0.0,0.0,0.0,1.0,0.0,13.0,4.0,,4.0,25.0,6.0,14.0,11.0,13.0,1.0,0.0,4.0,6.0,8.0,,,,,,,,,,,,,,1.0,0.0,1.0,,,,,,7.0,,,,,,,,,,,,,,,,,,,,,CPU,sync,,,,,13.0,7.2,25.0,6.0,17.2,7.8,13.0,1.0,0.0,13.0,1.0,0.0
ham,4,1,8,ibmq,ibm_torino,47.30629920959473,4.0,13.0,4.0,4.0,25.0,25.0,0.0,1.0,4.0,19.0,6.0,0.0,0.0,1.0,1.0,25.0,8.0,1.0,1.0,0.0,0.0,0.0,25.0,43.0,15.0,,0.0,3.0,6.0,9.0,7.75,14.0,11.0,1.0,7.0,0.28,0.4489988864128729,0.0,1.0,6.0,1.0,,,0.0,0.0,0.0,0.0,6.0,0.0,8.0,4.0,0.0,0.0,0.0,7.0,0.0,0.0,0.0,1.0,1.0,13.0,4.0,4.0,4.0,25.0,6.0,14.0,11.0,13.0,1.0,0.0,4.0,6.0,8.0,1.0,30.0,133.0,42.0,6.0,0.0,130.0,2.0,0.045112781954887216,6.0,4.0,21.0,11.0,1.0,0.0,1.0,1.2242426970042288,2.3076923076923075,1.0,,,7.0,,,,,,,,,,,,,,,,,,,,,CPU,sync,,ibm_torino,hardware,False,13.0,7.2,25.0,6.0,17.2,7.8,13.0,1.0,0.0,13.0,1.0,0.0
ham,8,1,4,nwqsim,MPI,438.25546900431317,8.0,25.0,8.0,8.0,53.0,53.0,0.0,1.0,8.0,39.0,14.0,0.0,0.0,1.0,1.0,53.0,16.0,1.0,1.0,0.0,0.0,0.0,53.0,91.0,27.0,,0.0,7.0,6.0,9.0,8.375,30.0,23.0,1.0,15.0,0.2830188679245283,0.4504655240118235,0.0,1.0,14.0,1.0,,,0.0,0.0,0.0,0.0,14.0,0.0,16.0,8.0,0.0,0.0,0.0,15.0,0.0,0.0,0.0,1.0,0.0,25.0,8.0,,8.0,53.0,14.0,30.0,23.0,25.0,1.0,0.0,8.0,14.0,16.0,,,,,,,,,,,,,,1.0,0.0,1.0,,,,,,15.0,,,,,,,,,,,,,,,,,,,,,CPU,sync,,,,,25.0,14.857142857142858,53.0,14.0,36.857142857142854,16.142857142857142,25.0,1.0,0.0,25.0,1.0,0.0
ham,8,1,8,ibmq,ibm_miami,47.24454879760742,8.0,25.0,8.0,8.0,53.0,53.0,0.0,1.0,8.0,39.0,14.0,0.0,0.0,1.0,1.0,53.0,16.0,1.0,1.0,0.0,0.0,0.0,53.0,91.0,27.0,,0.0,7.0,6.0,9.0,8.375,30.0,23.0,1.0,15.0,0.2830188679245283,0.4504655240118235,0.0,1.0,14.0,1.0,,,0.0,0.0,0.0,0.0,14.0,0.0,16.0,8.0,0.0,0.0,0.0,15.0,0.0,0.0,0.0,1.0,1.0,25.0,8.0,8.0,8.0,53.0,14.0,30.0,23.0,25.0,1.0,0.0,8.0,14.0,16.0,1.0,62.0,120.0,90.0,14.0,0.0,113.0,2.0,0.11666666666666667,14.0,8.0,45.0,23.0,1.0,0.0,1.0,1.157010892406106,2.48,1.0,,,15.0,,,,,,,,,,,,,,,,,,,,,CPU,sync,,ibm_miami,hardware,False,25.0,14.857142857142858,53.0,14.0,36.857142857142854,16.142857142857142,25.0,1.0,0.0,25.0,1.0,0.0
ham,9,1,8,ibmq,ibm_torino,42.08207130432129,9.0,28.0,9.0,9.0,60.0,60.0,0.0,1.0,9.0,44.0,16.0,0.0,0.0,1.0,1.0,60.0,18.0,1.0,1.0,0.0,0.0,0.0,60.0,103.0,30.0,,0.0,8.0,6.0,9.0,8.444444444444445,34.0,26.0,1.0,17.0,0.2833333333333333,0.4506168611531925,0.0,1.0,16.0,1.0,,,0.0,0.0,0.0,0.0,16.0,0.0,18.0,9.0,0.0,0.0,0.0,17.0,0.0,0.0,0.0,1.0,1.0,28.0,9.0,9.0,9.0,60.0,16.0,34.0,26.0,28.0,1.0,0.0,9.0,16.0,18.0,1.0,70.0,133.0,102.0,16.0,0.0,125.0,2.0,0.12030075187969924,16.0,9.0,51.0,26.0,1.0,0.0,1.0,1.2645911979489028,2.5,1.0,,,17.0,,,,,,,,,,,,,,,,,,,,,CPU,sync,,ibm_torino,hardware,False,28.0,15.75,60.0,16.0,40.75,19.25,28.0,1.0,0.0,28.0,1.0,0.0
ham,12,1,4,nwqsim,MPI,450.00648498535156,12.0,37.0,12.0,12.0,81.0,81.0,0.0,1.0,12.0,59.0,22.0,0.0,0.0,1.0,1.0,81.0,24.0,1.0,1.0,0.0,0.0,0.0,81.0,139.0,39.0,,0.0,11.0,6.0,9.0,8.583333333333334,46.0,35.0,1.0,23.0,0.2839506172839506,0.450913144882708,0.0,1.0,22.0,1.0,,,0.0,0.0,0.0,0.0,22.0,0.0,24.0,12.0,0.0,0.0,0.0,23.0,0.0,0.0,0.0,,,,,,,,,,,,,,,,,,,,,,,,,,,,,,,,,,,,,,,,,,,,,,,,,,,,,,,,,,,,,,,,,,,,,,,,,,,,
ham,15,1,8,ibmq,ibm_torino,45.505523681640625,15.0,46.0,15.0,15.0,102.0,102.0,0.0,1.0,15.0,74.0,28.0,0.0,0.0,1.0,1.0,102.0,30.0,1.0,1.0,0.0,0.0,0.0,102.0,175.0,48.0,,0.0,14.0,6.0,9.0,8.666666666666666,58.0,44.0,1.0,29.0,0.284313725490196,0.4510869439344055,0.0,1.0,28.0,1.0,,,0.0,0.0,0.0,0.0,28.0,0.0,30.0,15.0,0.0,0.0,0.0,29.0,0.0,0.0,0.0,1.0,1.0,46.0,15.0,15.0,15.0,102.0,28.0,58.0,44.0,46.0,1.0,0.0,15.0,28.0,30.0,1.0,118.0,133.0,174.0,28.0,0.0,119.0,2.0,0.21052631578947367,28.0,15.0,87.0,44.0,1.0,0.0,1.0,1.4260184750892222,2.5652173913043477,1.0,,,29.0,,,,,,,,,,,,,,,,,,,,,CPU,sync,,ibm_torino,hardware,False,46.0,27.857142857142858,102.0,28.0,70.85714285714286,31.142857142857142,46.0,1.0,0.0,46.0,1.0,0.0
ham,16,1,4,nwqsim,MPI,495.5865542093913,16.0,49.0,16.0,16.0,109.0,109.0,0.0,1.0,16.0,79.0,30.0,0.0,0.0,1.0,1.0,109.0,32.0,1.0,1.0,0.0,0.0,0.0,109.0,187.0,51.0,,0.0,15.0,6.0,9.0,8.6875,62.0,47.0,1.0,31.0,0.2844036697247706,0.4511299395649265,0.0,1.0,30.0,1.0,,,0.0,0.0,0.0,0.0,30.0,0.0,32.0,16.0,0.0,0.0,0.0,31.0,0.0,0.0,0.0,1.0,0.0,49.0,16.0,,16.0,109.0,30.0,62.0,47.0,49.0,1.0,0.0,16.0,30.0,32.0,,,,,,,,,,,,,,1.0,0.0,1.0,,,,,,31.0,,,,,,,,,,,,,,,,,,,,,CPU,sync,,,,,49.0,28.0,109.0,30.0,74.0,35.0,49.0,1.0,0.0,49.0,1.0,0.0
ham,16,1,8,ibmq,ibm_miami,36.332082748413086,16.0,49.0,16.0,16.0,109.0,109.0,0.0,1.0,16.0,79.0,30.0,0.0,0.0,1.0,1.0,109.0,32.0,1.0,1.0,0.0,0.0,0.0,109.0,187.0,51.0,,0.0,15.0,6.0,9.0,8.6875,62.0,47.0,1.0,31.0,0.2844036697247706,0.4511299395649265,0.0,1.0,30.0,1.0,,,0.0,0.0,0.0,0.0,30.0,0.0,32.0,16.0,0.0,0.0,0.0,31.0,0.0,0.0,0.0,1.0,1.4,49.0,16.0,16.0,16.0,109.0,30.0,62.0,47.0,49.0,1.0,0.0,16.0,30.0,32.0,1.4,105.4,120.0,210.2,31.2,0.0,105.0,2.2,0.25,31.2,16.0,98.6,64.4,1.0,0.0,1.0,2.1352987351594495,2.1510204081632653,1.04,,,31.0,,,,,,,,,,,,,,,,,,,,,CPU,sync,,ibm_miami,hardware,False,49.0,28.0,109.0,30.0,74.0,35.0,49.0,1.0,0.0,49.0,1.0,0.0
ham,16,2,2,nwqsim,MPI,444.2109266916911,16.0,49.0,16.0,16.0,109.0,109.0,0.0,1.0,16.0,79.0,30.0,0.0,0.0,1.0,1.0,109.0,32.0,1.0,1.0,0.0,0.0,0.0,109.0,187.0,51.0,,0.0,15.0,6.0,9.0,8.6875,62.0,47.0,1.0,31.0,0.2844036697247706,0.4511299395649265,0.0,1.0,30.0,1.0,,,0.0,0.0,0.0,0.0,30.0,0.0,32.0,16.0,0.0,0.0,0.0,31.0,0.0,0.0,0.0,1.0,0.0,49.0,16.0,,16.0,109.0,30.0,62.0,47.0,49.0,1.0,0.0,16.0,30.0,32.0,,,,,,,,,,,,,,1.0,0.0,1.0,,,,,,31.0,,,,,,,,,,,,,,,,,,,,,CPU,sync,,,,,49.0,28.0,109.0,30.0,74.0,35.0,49.0,1.0,0.0,49.0,1.0,0.0
ham,20,1,8,ibmq,ibm_miami,47.046661376953125,20.0,61.0,20.0,20.0,137.0,137.0,0.0,1.0,20.0,99.0,38.0,0.0,0.0,1.0,1.0,137.0,40.0,1.0,1.0,0.0,0.0,0.0,137.0,235.0,63.0,,0.0,19.0,6.0,9.0,8.75,78.0,59.0,1.0,39.0,0.2846715328467153,0.4512578544839046,0.0,1.0,38.0,1.0,,,0.0,0.0,0.0,0.0,38.0,0.0,40.0,20.0,0.0,0.0,0.0,39.0,0.0,0.0,0.0,1.0,1.0,61.0,20.0,20.0,20.0,137.0,38.0,78.0,59.0,61.0,1.0,0.0,20.0,38.0,40.0,1.0,158.0,120.0,234.0,38.0,0.0,101.0,2.0,0.31666666666666665,38.0,20.0,117.0,59.0,1.0,0.0,1.0,2.9262582822702825,2.5901639344262297,1.0,,,39.0,,,,,,,,,,,,,,,,,,,,,CPU,sync,,ibm_miami,hardware,False,61.0,37.77777777777778,137.0,38.0,95.77777777777777,41.22222222222222,61.0,1.0,0.0,61.0,1.0,0.0
ham,20,2,8,nwqsim,MPI,661.2658500671387,20.0,61.0,20.0,20.0,137.0,137.0,0.0,1.0,20.0,99.0,38.0,0.0,0.0,1.0,1.0,137.0,40.0,1.0,1.0,0.0,0.0,0.0,137.0,235.0,63.0,,0.0,19.0,6.0,9.0,8.75,78.0,59.0,1.0,39.0,0.2846715328467153,0.4512578544839046,0.0,1.0,38.0,1.0,,,0.0,0.0,0.0,0.0,38.0,0.0,40.0,20.0,0.0,0.0,0.0,39.0,0.0,0.0,0.0,1.0,0.0,61.0,20.0,,20.0,137.0,38.0,78.0,59.0,61.0,1.0,0.0,20.0,38.0,40.0,,,,,,,,,,,,,,1.0,0.0,1.0,,,,,,39.0,,,,,,,,,,,,,,,,,,,,,CPU,sync,,,,,61.0,37.77777777777778,137.0,38.0,95.77777777777777,41.22222222222222,61.0,1.0,0.0,61.0,1.0,0.0
ham,23,1,8,ibmq,ibm_miami,36.307525634765625,,70.0,40.806451612903224,,158.0,,,,,,44.0,,,,,,,,,,,,,,,,,,,,,107.80645161290323,50.193548387096776,,,,,,,,,,,,,,,,,,,,,,,,,,1.0,1.4,70.0,23.0,23.0,23.0,158.0,44.0,90.0,68.0,70.0,1.0,0.0,23.0,44.0,46.0,1.4,158.2,120.0,320.8,50.8,0.0,98.0,2.2,0.37333333333333335,50.8,23.0,143.4,103.6,1.0,0.0,1.0,2.202558716782369,2.2600000000000002,1.1545454545454548,,,45.0,,,,,,,,,,,,,,,,,,,,,CPU,sync,,ibm_miami,hardware,False,70.0,40.806451612903224,158.0,44.0,107.80645161290323,50.193548387096776,70.0,1.0,0.0,70.0,1.0,0.0
ham,24,1,8,nwqsim,MPI,2636.5039348602295,,,,,,,,,,,,,,,,,,,,,,,,,,,,,,,,,,,,,,,,,,,,,,,,,,,,,,,,,,,,,,,,,,,,,,,,,,,,,,,,,,,,,,,,,,,,,,,,,,,,,,,,,,,,,,,,,,,,,,,,,,,,,,,,,,,,,,
ham,24,2,8,nwqsim,MPI,1983.192761739095,,,,,,,,,,,,,,,,,,,,,,,,,,,,,,,,,,,,,,,,,,,,,,,,,,,,,,,,,,,,,,,,,,,,,,,,,,,,,,,,,,,,,,,,,,,,,,,,,,,,,,,,,,,,,,,,,,,,,,,,,,,,,,,,,,,,,,
ham,28,2,8,qiskitaer,matrix_product_state,7145.556688308716,,,,,,,,,,,,,,,,,,,,,,,,,,,,,,,,,,,,,,,,,,,,,,,,,,,,,,,,,,,,,,,,,,,,,,,,,,,,,,,,,,,,,,,,,,,,,,,,,,,,,,,,,,,,,,,,,,,,,,,,,,,,,,,,,,,,,,
ham,30,2,8,qiskitaer,matrix_product_state,7229.847510655721,,,,,,,,,,,,,,,,,,,,,,,,,,,,,,,,,,,,,,,,,,,,,,,,,,,,,,,,,,,,,,,,,,,,,,,,,,,,,,,,,,,,,,,,,,,,,,,,,,,,,,,,,,,,,,,,,,,,,,,,,,,,,,,,,,,,,,
ham,30,2,16,qiskitaer,matrix_product_state,7908.5714022318525,,,,,,,,,,,,,,,,,,,,,,,,,,,,,,,,,,,,,,,,,,,,,,,,,,,,,,,,,,,,,,,,,,,,,,,,,,,,,,,,,,,,,,,,,,,,,,,,,,,,,,,,,,,,,,,,,,,,,,,,,,,,,,,,,,,,,,
ham,32,2,8,qiskitaer,matrix_product_state,7158.142566680908,,,,,,,,,,,,,,,,,,,,,,,,,,,,,,,,,,,,,,,,,,,,,,,,,,,,,,,,,,,,,,,,,,,,,,,,,,,,,,,,,,,,,,,,,,,,,,,,,,,,,,,,,,,,,,,,,,,,,,,,,,,,,,,,,,,,,,
hhl,5,1,4,nwqsim,MPI,693.0856789048347,5.0,40.0,5.0,5.0,55.0,55.0,0.0,1.0,5.0,23.0,24.0,8.0,0.0,1.0,1.0,56.0,10.0,3.0,1.0,0.0,0.0,0.0,56.0,115.0,43.0,,1.0,4.0,0.0,63.0,20.0,12.0,44.0,1.0,76.0,1.3818181818181818,1.634746675853747,0.0,4.0,32.0,1.0,,,1.0,8.0,6.0,14.0,4.0,0.0,8.0,5.0,2.0,0.0,4.0,0.0,0.0,0.0,4.0,,,,,,,,,,,,,,,,,,,,,,,,,,,,,,,,,,,,,,,,,,,,,,,,,,,,,,,,,,,,,,,,,40.0,9.0,55.0,20.0,16.8,39.2,40.2,1.0,0.0,40.2,1.0,0.0
hhl,5,1,8,nwqsim,MPI,469.8035136680119,5.0,40.0,5.0,5.0,55.0,55.0,0.0,1.0,5.0,23.0,24.0,8.0,0.0,1.0,1.0,56.0,10.0,3.0,1.0,0.0,0.0,0.0,56.0,115.0,43.0,,1.0,4.0,0.0,63.0,20.0,12.0,44.0,1.0,76.0,1.3818181818181818,1.634746675853747,0.0,4.0,32.0,1.0,,,1.0,8.0,6.0,14.0,4.0,0.0,8.0,5.0,2.0,0.0,4.0,0.0,0.0,0.0,4.0,,,,,,,,,,,,,,,,,,,,,,,,,,,,,,,,,,,,,,,,,,,,,,,,,,,,,,,,,,,,,,,,,40.0,9.0,55.0,20.0,16.8,39.2,40.2,1.0,0.0,40.2,1.0,0.0
hhl,7,1,4,nwqsim,MPI,704.616167789532,7.0,119.0,7.0,7.0,150.0,150.0,0.0,1.0,7.0,34.0,84.0,32.0,0.0,1.0,1.0,151.0,14.0,3.0,1.0,0.0,0.0,0.0,151.0,326.0,122.0,,1.0,8.0,0.0,153.0,43.57142857142857,19.0,132.0,1.0,289.0,1.9266666666666667,1.8442583574133231,0.0,4.0,116.0,1.0,,,1.0,32.0,12.0,64.0,8.0,0.0,11.0,7.0,3.0,0.0,8.0,0.0,0.0,0.0,5.0,,,,,,,,,,,,,,,,,,,,,,,,,,,,,,,,,,,,,,,,,,,,,,,,,,,,,,,,,,,,,,,,,,,,,,,,,,,,
hhl,7,1,8,nwqsim,MPI,507.68229266880854,7.0,119.0,7.0,7.0,150.0,150.0,0.0,1.0,7.0,34.0,84.0,32.0,0.0,1.0,1.0,151.0,14.0,3.0,1.0,0.0,0.0,0.0,151.0,326.0,122.0,,1.0,8.0,0.0,153.0,43.57142857142857,19.0,132.0,1.0,289.0,1.9266666666666667,1.8442583574133231,0.0,4.0,116.0,1.0,,,1.0,32.0,12.0,64.0,8.0,0.0,11.0,7.0,3.0,0.0,8.0,0.0,0.0,0.0,5.0,,,,,,,,,,,,,,,,,,,,,,,,,,,,,,,,,,,,,,,,,,,,,,,,,,,,,,,,,,,,,,,,,,,,,,,,,,,,
hhl,9,1,4,nwqsim,MPI,743.4974044574321,9.0,676.0,9.0,9.0,721.0,721.0,0.0,1.0,9.0,49.0,448.0,224.0,0.0,1.0,1.0,722.0,18.0,3.0,1.0,0.0,0.0,0.0,722.0,1653.0,679.0,,1.0,13.0,0.0,555.0,180.66666666666663,30.0,692.0,1.0,1592.0,2.2080443828016643,1.899263797285116,0.0,4.0,672.0,1.0,,,1.0,224.0,56.0,376.0,16.0,0.0,14.0,9.0,4.0,0.0,16.0,0.0,0.0,0.0,6.0,,,,,,,,,,,,,,,,,,,,,,,,,,,,,,,,,,,,,,,,,,,,,,,,,,,,,,,,,,,,,,,,,676.0,16.448275862068964,721.0,373.51724137931035,38.275862068965516,683.7241379310345,676.1724137931035,1.0,0.0,676.1724137931035,1.0,0.0
hhl,9,1,8,nwqsim,MPI,768.8433108883651,9.0,676.0,9.0,9.0,721.0,721.0,0.0,1.0,9.0,49.0,448.0,224.0,0.0,1.0,1.0,722.0,18.0,3.0,1.0,0.0,0.0,0.0,722.0,1653.0,679.0,,1.0,13.0,0.0,555.0,180.66666666666663,30.0,692.0,1.0,1592.0,2.2080443828016643,1.899263797285116,0.0,4.0,672.0,1.0,,,1.0,224.0,56.0,376.0,16.0,0.0,14.0,9.0,4.0,0.0,16.0,0.0,0.0,0.0,6.0,,,,,,,,,,,,,,,,,,,,,,,,,,,,,,,,,,,,,,,,,,,,,,,,,,,,,,,,,,,,,,,,,676.0,16.448275862068964,721.0,373.51724137931035,38.275862068965516,683.7241379310345,676.1724137931035,1.0,0.0,676.1724137931035,1.0,0.0
hhl,9,1,16,nwqsim,MPI,1097.3642253350893,9.0,676.0,9.0,9.0,721.0,721.0,0.0,1.0,9.0,49.0,448.0,224.0,0.0,1.0,1.0,722.0,18.0,3.0,1.0,0.0,0.0,0.0,722.0,1653.0,679.0,,1.0,13.0,0.0,555.0,180.66666666666663,30.0,692.0,1.0,1592.0,2.2080443828016643,1.899263797285116,0.0,4.0,672.0,1.0,,,1.0,224.0,56.0,376.0,16.0,0.0,14.0,9.0,4.0,0.0,16.0,0.0,0.0,0.0,6.0,,,,,,,,,,,,,,,,,,,,,,,,,,,,,,,,,,,,,,,,,,,,,,,,,,,,,,,,,,,,,,,,,676.0,16.448275862068964,721.0,373.51724137931035,38.275862068965516,683.7241379310345,676.1724137931035,1.0,0.0,676.1724137931035,1.0,0.0
hhl,11,1,4,nwqsim,MPI,1072.9469237735934,11.0,4317.0,11.0,11.0,4378.0,4378.0,0.0,1.0,11.0,72.0,2850.0,1456.0,0.0,1.0,1.0,4379.0,22.0,3.0,1.0,0.0,0.0,0.0,4379.0,10184.0,4320.0,,1.0,19.0,0.0,2581.0,922.818181818182,49.0,4330.0,1.0,9601.0,2.1930105070808588,1.8808686820126337,0.0,4.0,4306.0,1.0,,,1.0,1456.0,574.0,2244.0,32.0,0.0,17.0,11.0,5.0,0.0,32.0,0.0,0.0,0.0,7.0,,,,,,,,,,,,,,,,,,,,,,,,,,,,,,,,,,,,,,,,,,,,,,,,,,,,,,,,,,,,,,,,,,,,,,,,,,,,
hhl,11,1,8,nwqsim,MPI,882.4239740012368,11.0,4317.0,11.0,11.0,4378.0,4378.0,0.0,1.0,11.0,72.0,2850.0,1456.0,0.0,1.0,1.0,4379.0,22.0,3.0,1.0,0.0,0.0,0.0,4379.0,10184.0,4320.0,,1.0,19.0,0.0,2581.0,922.818181818182,49.0,4330.0,1.0,9601.0,2.1930105070808588,1.8808686820126337,0.0,4.0,4306.0,1.0,,,1.0,1456.0,574.0,2244.0,32.0,0.0,17.0,11.0,5.0,0.0,32.0,0.0,0.0,0.0,7.0,,,,,,,,,,,,,,,,,,,,,,,,,,,,,,,,,,,,,,,,,,,,,,,,,,,,,,,,,,,,,,,,,,,,,,,,,,,,
hhl,11,1,16,qiskitaer,statevector,8844.435844997255,11.0,4317.0,11.0,11.0,4378.0,4378.0,0.0,1.0,11.0,72.0,2850.0,1456.0,0.0,1.0,1.0,4379.0,22.0,3.0,1.0,0.0,0.0,0.0,4379.0,10184.0,4320.0,,1.0,19.0,0.0,2581.0,922.818181818182,49.0,4330.0,1.0,9601.0,2.1930105070808588,1.8808686820126337,0.0,4.0,4306.0,1.0,,,1.0,1456.0,574.0,2244.0,32.0,0.0,17.0,11.0,5.0,0.0,32.0,0.0,0.0,0.0,7.0,,,,,,,,,,,,,,,,,,,,,,,,,,,,,,,,,,,,,,,,,,,,,,,,,,,,,,,,,,,,,,,,,,,,,,,,,,,,
hhl,11,2,4,nwqsim,MPI,985.839738001232,11.0,4317.0,11.0,11.0,4378.0,4378.0,0.0,1.0,11.0,72.0,2850.0,1456.0,0.0,1.0,1.0,4379.0,22.0,3.0,1.0,0.0,0.0,0.0,4379.0,10184.0,4320.0,,1.0,19.0,0.0,2581.0,922.818181818182,49.0,4330.0,1.0,9601.0,2.1930105070808588,1.8808686820126337,0.0,4.0,4306.0,1.0,,,1.0,1456.0,574.0,2244.0,32.0,0.0,17.0,11.0,5.0,0.0,32.0,0.0,0.0,0.0,7.0,,,,,,,,,,,,,,,,,,,,,,,,,,,,,,,,,,,,,,,,,,,,,,,,,,,,,,,,,,,,,,,,,,,,,,,,,,,,
hhl,13,1,4,nwqsim,MPI,2904.3308118001128,13.0,19103.0,13.0,13.0,19182.0,19182.0,0.0,1.0,13.0,111.0,12734.0,6337.0,0.0,1.0,1.0,19183.0,26.0,3.0,1.0,0.0,0.0,0.0,19183.0,44642.0,19106.0,,1.0,26.0,0.0,10205.0,3431.0,84.0,19099.0,1.0,41505.0,2.163747263059118,1.8648792100511715,0.0,4.0,19071.0,1.0,,,1.0,6337.0,3087.0,9583.0,64.0,0.0,20.0,13.0,6.0,0.0,64.0,0.0,0.0,0.0,8.0,,,,,,,,,,,,,,,,,,,,,,,,,,,,,,,,,,,,,,,,,,,,,,,,,,,,,,,,,,,,,,,,,,,,,,,,,,,,
hhl,13,1,8,nwqsim,MPI,2885.559908780528,13.0,19103.0,13.0,13.0,19182.0,19182.0,0.0,1.0,13.0,111.0,12734.0,6337.0,0.0,1.0,1.0,19183.0,26.0,3.0,1.0,0.0,0.0,0.0,19183.0,44642.0,19106.0,,1.0,26.0,0.0,10205.0,3431.0,84.0,19099.0,1.0,41505.0,2.163747263059118,1.8648792100511715,0.0,4.0,19071.0,1.0,,,1.0,6337.0,3087.0,9583.0,64.0,0.0,20.0,13.0,6.0,0.0,64.0,0.0,0.0,0.0,8.0,,,,,,,,,,,,,,,,,,,,,,,,,,,,,,,,,,,,,,,,,,,,,,,,,,,,,,,,,,,,,,,,,,,,,,,,,,,,
hhl,13,1,16,qiskitaer,automatic,32630.848525333626,13.0,19103.0,13.0,13.0,19182.0,19182.0,0.0,1.0,13.0,111.0,12734.0,6337.0,0.0,1.0,1.0,19183.0,26.0,3.0,1.0,0.0,0.0,0.0,19183.0,44642.0,19106.0,,1.0,26.0,0.0,10205.0,3431.0,84.0,19099.0,1.0,41505.0,2.163747263059118,1.8648792100511715,0.0,4.0,19071.0,1.0,,,1.0,6337.0,3087.0,9583.0,64.0,0.0,20.0,13.0,6.0,0.0,64.0,0.0,0.0,0.0,8.0,,,,,,,,,,,,,,,,,,,,,,,,,,,,,,,,,,,,,,,,,,,,,,,,,,,,,,,,,,,,,,,,,,,,,,,,,,,,
hhl,13,2,4,nwqsim,MPI,2684.2271803179756,13.0,19103.0,13.0,13.0,19182.0,19182.0,0.0,1.0,13.0,111.0,12734.0,6337.0,0.0,1.0,1.0,19183.0,26.0,3.0,1.0,0.0,0.0,0.0,19183.0,44642.0,19106.0,,1.0,26.0,0.0,10205.0,3431.0,84.0,19099.0,1.0,41505.0,2.163747263059118,1.8648792100511715,0.0,4.0,19071.0,1.0,,,1.0,6337.0,3087.0,9583.0,64.0,0.0,20.0,13.0,6.0,0.0,64.0,0.0,0.0,0.0,8.0,,,,,,,,,,,,,,,,,,,,,,,,,,,,,,,,,,,,,,,,,,,,,,,,,,,,,,,,,,,,,,,,,,,,,,,,,,,,
hhl,13,2,8,nwqsim,MPI,3420.563258327699,13.0,19103.0,13.0,13.0,19182.0,19182.0,0.0,1.0,13.0,111.0,12734.0,6337.0,0.0,1.0,1.0,19183.0,26.0,3.0,1.0,0.0,0.0,0.0,19183.0,44642.0,19106.0,,1.0,26.0,0.0,10205.0,3431.0,84.0,19099.0,1.0,41505.0,2.163747263059118,1.8648792100511715,0.0,4.0,19071.0,1.0,,,1.0,6337.0,3087.0,9583.0,64.0,0.0,20.0,13.0,6.0,0.0,64.0,0.0,0.0,0.0,8.0,,,,,,,,,,,,,,,,,,,,,,,,,,,,,,,,,,,,,,,,,,,,,,,,,,,,,,,,,,,,,,,,,,,,,,,,,,,,
hhl,15,1,4,nwqsim,MPI,19889.71389499299,15.0,90955.0,15.0,15.0,91054.0,91054.0,0.0,1.0,15.0,182.0,60728.0,30144.0,0.0,1.0,1.0,91055.0,30.0,3.0,1.0,0.0,0.0,0.0,91055.0,212130.0,90958.0,,1.0,34.0,0.0,44609.0,14139.0,151.0,90904.0,1.0,196305.0,2.1559184659652515,1.8608943479020408,0.0,4.0,90872.0,1.0,,,1.0,30144.0,15416.0,45184.0,128.0,0.0,23.0,15.0,7.0,0.0,128.0,0.0,0.0,0.0,9.0,,,,,,,,,,,,,,,,,,,,,,,,,,,,,,,,,,,,,,,,,,,,,,,,,,,,,,,,,,,,,,,,,90955.0,27.794117647058822,91054.0,51816.23529411765,164.64705882352942,90890.35294117648,90955.14705882352,1.0,0.0,90955.14705882352,1.0,0.0
hhl,15,1,8,nwqsim,MPI,15663.051040000028,15.0,90955.0,15.0,15.0,91054.0,91054.0,0.0,1.0,15.0,182.0,60728.0,30144.0,0.0,1.0,1.0,91055.0,30.0,3.0,1.0,0.0,0.0,0.0,91055.0,212130.0,90958.0,,1.0,34.0,0.0,44609.0,14139.0,151.0,90904.0,1.0,196305.0,2.1559184659652515,1.8608943479020408,0.0,4.0,90872.0,1.0,,,1.0,30144.0,15416.0,45184.0,128.0,0.0,23.0,15.0,7.0,0.0,128.0,0.0,0.0,0.0,9.0,,,,,,,,,,,,,,,,,,,,,,,,,,,,,,,,,,,,,,,,,,,,,,,,,,,,,,,,,,,,,,,,,90955.0,27.794117647058822,91054.0,51816.23529411765,164.64705882352942,90890.35294117648,90955.14705882352,1.0,0.0,90955.14705882352,1.0,0.0
hhl,15,2,8,nwqsim,MPI,14162.620860000061,15.0,90955.0,15.0,15.0,91054.0,91054.0,0.0,1.0,15.0,182.0,60728.0,30144.0,0.0,1.0,1.0,91055.0,30.0,3.0,1.0,0.0,0.0,0.0,91055.0,212130.0,90958.0,,1.0,34.0,0.0,44609.0,14139.0,151.0,90904.0,1.0,196305.0,2.1559184659652515,1.8608943479020408,0.0,4.0,90872.0,1.0,,,1.0,30144.0,15416.0,45184.0,128.0,0.0,23.0,15.0,7.0,0.0,128.0,0.0,0.0,0.0,9.0,,,,,,,,,,,,,,,,,,,,,,,,,,,,,,,,,,,,,,,,,,,,,,,,,,,,,,,,,,,,,,,,,90955.0,27.794117647058822,91054.0,51816.23529411765,164.64705882352942,90890.35294117648,90955.14705882352,1.0,0.0,90955.14705882352,1.0,0.0
hhl,15,2,16,nwqsim,MPI,13917.913908997434,15.0,90955.0,15.0,15.0,91054.0,91054.0,0.0,1.0,15.0,182.0,60728.0,30144.0,0.0,1.0,1.0,91055.0,30.0,3.0,1.0,0.0,0.0,0.0,91055.0,212130.0,90958.0,,1.0,34.0,0.0,44609.0,14139.0,151.0,90904.0,1.0,196305.0,2.1559184659652515,1.8608943479020408,0.0,4.0,90872.0,1.0,,,1.0,30144.0,15416.0,45184.0,128.0,0.0,23.0,15.0,7.0,0.0,128.0,0.0,0.0,0.0,9.0,,,,,,,,,,,,,,,,,,,,,,,,,,,,,,,,,,,,,,,,,,,,,,,,,,,,,,,,,,,,,,,,,90955.0,27.794117647058822,91054.0,51816.23529411765,164.64705882352942,90890.35294117648,90955.14705882352,1.0,0.0,90955.14705882352,1.0,0.0
hhl,17,1,8,nwqsim,MPI,146870.89044066638,17.0,416340.0,17.0,17.0,416461.0,416461.0,0.0,1.0,17.0,317.0,277752.0,138392.0,0.0,1.0,1.0,416462.0,34.0,3.0,1.0,0.0,0.0,0.0,416462.0,971065.0,416343.0,,1.0,43.0,0.0,194439.0,57118.470588235294,282.0,416180.0,1.0,895780.0,2.150933700874752,1.8601601585044825,0.0,4.0,416144.0,1.0,,,1.0,138392.0,71496.0,206000.0,256.0,0.0,26.0,17.0,8.0,0.0,256.0,0.0,0.0,0.0,10.0,,,,,,,,,,,,,,,,,,,,,,,,,,,,,,,,,,,,,,,,,,,,,,,,,,,,,,,,,,,,,,,,,,,,,,,,,,,,
hhl,17,1,16,nwqsim,MPI,110066.1897049998,17.0,416340.0,17.0,17.0,416461.0,416461.0,0.0,1.0,17.0,317.0,277752.0,138392.0,0.0,1.0,1.0,416462.0,34.0,3.0,1.0,0.0,0.0,0.0,416462.0,971065.0,416343.0,,1.0,43.0,0.0,194439.0,57118.470588235294,282.0,416180.0,1.0,895780.0,2.150933700874752,1.8601601585044825,0.0,4.0,416144.0,1.0,,,1.0,138392.0,71496.0,206000.0,256.0,0.0,26.0,17.0,8.0,0.0,256.0,0.0,0.0,0.0,10.0,,,,,,,,,,,,,,,,,,,,,,,,,,,,,,,,,,,,,,,,,,,,,,,,,,,,,,,,,,,,,,,,,,,,,,,,,,,,
hhl,17,2,8,nwqsim,MPI,109305.01009211082,17.0,416340.0,17.0,17.0,416461.0,416461.0,0.0,1.0,17.0,317.0,277752.0,138392.0,0.0,1.0,1.0,416462.0,34.0,3.0,1.0,0.0,0.0,0.0,416462.0,971065.0,416343.0,,1.0,43.0,0.0,194439.0,57118.470588235294,282.0,416180.0,1.0,895780.0,2.150933700874752,1.8601601585044825,0.0,4.0,416144.0,1.0,,,1.0,138392.0,71496.0,206000.0,256.0,0.0,26.0,17.0,8.0,0.0,256.0,0.0,0.0,0.0,10.0,,,,,,,,,,,,,,,,,,,,,,,,,,,,,,,,,,,,,,,,,,,,,,,,,,,,,,,,,,,,,,,,,,,,,,,,,,,,
hhl,17,2,16,nwqsim,MPI,90708.49193000079,17.0,416340.0,17.0,17.0,416461.0,416461.0,0.0,1.0,17.0,317.0,277752.0,138392.0,0.0,1.0,1.0,416462.0,34.0,3.0,1.0,0.0,0.0,0.0,416462.0,971065.0,416343.0,,1.0,43.0,0.0,194439.0,57118.470588235294,282.0,416180.0,1.0,895780.0,2.150933700874752,1.8601601585044825,0.0,4.0,416144.0,1.0,,,1.0,138392.0,71496.0,206000.0,256.0,0.0,26.0,17.0,8.0,0.0,256.0,0.0,0.0,0.0,10.0,,,,,,,,,,,,,,,,,,,,,,,,,,,,,,,,,,,,,,,,,,,,,,,,,,,,,,,,,,,,,,,,,,,,,,,,,,,,
hhl,19,1,4,ibmq,ibm_miami,1860502.0476934733,19.0,1866845.0,19.0,19.0,1866990.0,1866990.0,0.0,1.0,19.0,580.0,1244986.0,621424.0,0.0,1.0,1.0,1866991.0,38.0,3.0,1.0,0.0,0.0,0.0,1866991.0,4354900.0,1866848.0,,1.0,53.0,0.0,843085.0,229202.26315789475,541.0,1866450.0,1.0,4010489.0,2.148104167670957,1.8597713764551675,0.0,4.0,1866410.0,1.0,,,1.0,621424.0,322650.0,921824.0,512.0,0.0,29.0,19.0,9.0,0.0,512.0,0.0,0.0,0.0,11.0,1.0,0.5,1866845.0,19.0,19.0,19.0,1866990.0,512.0,541.0,1866450.0,1866846.0,1.0,0.0,19.0,512.0,29.0,0.5,49225309.5,120.0,66119228.0,11378548.5,0.0,101.0,19.0,2.8833333333333333,11378548.5,19.0,30421801.0,24318859.5,1.0,0.0,1.0,3024.3590979106957,26.368182414715736,22223.7275390625,,,,,,,,,921824.0,621424.0,322650.0,11.0,512.0,9.0,1.0,1.0,,,,,,,,CPU,sync,,ibm_miami,hardware,False,1866845.0,28.5,1866990.0,622749.0,551.0,1866440.0,1866845.5,1.0,0.0,1866845.5,1.0,0.0
hhl,20,1,4,ibmq,ibm_miami,12566.990715216469,,,,,,,,,,,,,,,,,,,,,,,,,,,,,,,,,,,,,,,,,,,,,,,,,,,,,,,,,,,,,,,,,,,,,,,,,,,,,,,,,,,,,,,,,,,,,,,,,,,,,,,,,,,,,,,,,,,,,,,,,,,,,,,,,,,,,,
ibmq_cloud,120,1,1,ibmq,ibm_miami,1100892.896670357,,,,,,,,,,,,,,,,,,,,,,,,,,,,,,,,,,,,,,,,,,,,,,,,,,,,,,,,,,,,,,,,,,,,,,,,,,,,,,,,,,,,,,,,,,,,,,,,,,,,,,,,,,,,,,,,,,,,,,,,,,,,,,,,,,,,,,
ibmq_cloud,133,1,1,ibmq,ibm_torino,34596.85745431251,,,,,,,,,,,,,,,,,,,,,,,,,,,,,,,,,,,,,,,,,,,,,,,,,,,,,,,,,,,,,,,,,,,,,,,,,,,,,,,,,,,,,,,,,,,,,,,,,,,,,,,,,,,,,,,,,,,,,,,,,,,,,,,,,,,,,,
ibmq_cloud,156,1,1,ibmq,ibm_pittsburgh,51382.900222222226,,,,,,,,,,,,,,,,,,,,,,,,,,,,,,,,,,,,,,,,,,,,,,,,,,,,,,,,,,,,,,,,,,,,,,,,,,,,,,,,,,,,,,,,,,,,,,,,,,,,,,,,,,,,,,,,,,,,,,,,,,,,,,,,,,,,,,
mermin_bell,4,1,8,ibmq,ibm_miami,35.17618179321289,4.0,18.0,4.0,4.0,29.0,29.0,0.0,1.0,4.0,16.0,13.0,0.0,0.0,1.0,1.0,29.0,8.0,1.0,1.0,0.0,0.0,0.0,29.0,54.0,20.0,,0.0,6.0,9.0,11.0,10.5,24.0,5.0,1.0,1.0,0.0344827586206896,0.1824656076596269,0.0,1.0,12.0,1.0,,,0.0,0.0,0.0,0.0,9.0,3.0,7.0,4.0,0.0,1.0,0.0,0.0,4.0,1.0,0.0,1.0,1.4,18.0,4.0,4.0,4.0,29.0,13.0,24.0,5.0,18.0,1.0,0.0,4.0,9.0,7.0,1.4,67.8,120.0,110.4,24.2,0.0,117.0,2.2,0.06,24.2,4.0,37.2,43.4,1.0,0.0,1.0,1.164599863672629,3.7666666666666666,1.8615384615384616,,,,3.0,4.0,1.0,1.0,4.0,,,,,,,,,,,,,,,,CPU,sync,,ibm_miami,hardware,False,18.0,7.0,29.0,13.0,27.0,2.0,18.0,1.0,0.0,18.0,1.0,0.0
mermin_bell,8,1,8,ibmq,ibm_miami,69.49424743652344,8.0,38.0,8.0,8.0,77.0,77.0,0.0,1.0,8.0,32.0,45.0,0.0,0.0,1.0,1.0,77.0,16.0,1.0,1.0,0.0,0.0,0.0,77.0,146.0,40.0,,0.0,28.0,13.0,19.0,15.25,68.0,9.0,1.0,1.0,0.0129870129870129,0.1132181543776798,0.0,1.0,42.0,1.0,,,0.0,0.0,0.0,0.0,21.0,21.0,15.0,8.0,0.0,1.0,0.0,0.0,8.0,3.0,0.0,1.0,1.0,38.0,8.0,8.0,8.0,77.0,45.0,68.0,9.0,38.0,1.0,0.0,8.0,21.0,15.0,1.0,203.0,120.0,370.0,114.0,0.0,113.0,4.0,0.16666666666666666,114.0,8.0,81.0,167.0,1.0,0.0,1.0,1.9344969922676682,5.342105263157895,2.533333333333333,,,,21.0,8.0,3.0,1.0,,,,,,,,,,,,,,,,,CPU,sync,,ibm_miami,hardware,False,38.0,15.384615384615385,77.0,45.0,75.38461538461539,1.6153846153846154,38.0,1.0,0.0,38.0,1.0,0.0
mermin_bell,9,1,8,ibmq,ibm_miami,32.952117919921875,9.0,43.0,9.0,9.0,91.0,91.0,0.0,1.0,9.0,36.0,55.0,0.0,0.0,1.0,1.0,91.0,18.0,1.0,1.0,0.0,0.0,0.0,91.0,173.0,45.0,,0.0,36.0,14.0,21.0,16.22222222222222,81.0,10.0,1.0,1.0,0.0109890109890109,0.1042509118736828,0.0,1.0,52.0,1.0,,,0.0,0.0,0.0,0.0,24.0,28.0,17.0,9.0,0.0,1.0,0.0,0.0,9.0,3.0,0.0,1.0,1.4,43.0,9.0,9.0,9.0,91.0,55.0,81.0,10.0,43.0,1.0,0.0,9.0,24.0,17.0,1.4,262.2,120.0,552.8,170.8,0.0,111.0,3.6,0.2,170.8,9.0,94.0,279.0,1.0,0.0,1.0,1.3527588760014624,6.097674418604651,3.1054545454545455,,,,28.0,9.0,3.0,1.0,,,,,,,,,,,,,,,,,CPU,sync,,ibm_miami,hardware,False,43.0,16.2,91.0,55.0,88.2,2.8,43.0,1.0,0.0,43.0,1.0,0.0
mermin_bell,15,1,8,ibmq,ibm_torino,44.35372352600098,15.0,73.0,15.0,15.0,199.0,199.0,0.0,1.0,15.0,60.0,139.0,0.0,0.0,1.0,1.0,199.0,30.0,1.0,1.0,0.0,0.0,0.0,199.0,383.0,75.0,,0.0,105.0,20.0,33.0,22.53333333333333,183.0,16.0,1.0,1.0,0.0050251256281407,0.0707097853239713,0.0,1.0,133.0,1.0,,,0.0,0.0,0.0,0.0,42.0,91.0,29.0,15.0,0.0,1.0,0.0,0.0,15.0,6.0,0.0,1.0,1.0,73.0,15.0,15.0,15.0,199.0,139.0,183.0,16.0,73.0,1.0,0.0,15.0,42.0,29.0,1.0,790.0,133.0,2021.0,679.0,0.0,119.0,3.0,0.22556390977443608,679.0,15.0,192.0,1135.0,1.0,0.0,1.0,1.7104262500070035,10.821917808219178,4.884892086330935,,,,91.0,15.0,6.0,1.0,,,,,,,,,,,,,,,,,CPU,sync,,ibm_torino,hardware,False,73.0,28.333333333333332,199.0,139.0,196.33333333333334,2.6666666666666665,73.0,1.0,0.0,73.0,1.0,0.0
mermin_bell,16,1,8,ibmq,ibm_miami,34.55619812011719,16.0,78.0,16.0,16.0,221.0,221.0,0.0,1.0,16.0,64.0,157.0,0.0,0.0,1.0,1.0,221.0,32.0,1.0,1.0,0.0,0.0,0.0,221.0,426.0,80.0,,0.0,120.0,21.0,35.0,23.625,204.0,17.0,1.0,1.0,0.004524886877828,0.0671149184352548,0.0,1.0,150.0,1.0,,,0.0,0.0,0.0,0.0,45.0,105.0,31.0,16.0,0.0,1.0,0.0,0.0,16.0,7.0,0.0,1.0,1.4,78.0,16.0,16.0,16.0,221.0,157.0,204.0,17.0,78.0,1.0,0.0,16.0,45.0,31.0,1.4,605.6,120.0,1526.6,508.6,0.0,103.0,3.8,0.4333333333333334,508.6,16.0,194.2,806.6,1.0,0.0,1.0,1.4357917414745316,7.764102564102563,3.2394904458598726,,,,105.0,16.0,7.0,1.0,3.0,,,,,,,,,,,,,,,,CPU,sync,,ibm_miami,hardware,False,78.0,28.387096774193548,221.0,157.0,216.38709677419354,4.612903225806452,78.0,1.0,0.0,78.0,1.0,0.0
mermin_bell,20,1,8,ibmq,ibm_miami,55.06312847137451,20.0,98.0,20.0,20.0,317.0,317.0,0.0,1.0,20.0,80.0,237.0,0.0,0.0,1.0,1.0,317.0,40.0,1.0,1.0,0.0,0.0,0.0,317.0,614.0,100.0,,0.0,190.0,25.0,43.0,27.7,296.0,21.0,1.0,1.0,0.0031545741324921,0.0560769363868491,0.0,1.0,228.0,1.0,,,0.0,0.0,0.0,0.0,57.0,171.0,39.0,20.0,0.0,1.0,0.0,0.0,20.0,9.0,0.0,1.0,1.5,98.0,20.0,20.0,20.0,317.0,237.0,296.0,21.0,98.0,1.0,0.0,20.0,57.0,39.0,1.5,892.75,120.0,2509.0,841.0,0.0,100.25,3.75,0.5041666666666667,841.0,20.0,272.75,1369.25,1.0,0.0,1.0,1.4810982182680164,9.10969387755102,3.548523206751055,,,,171.0,20.0,9.0,1.0,12.0,,,,,,,,,,,,,,,,CPU,sync,,ibm_miami,hardware,False,98.0,36.55172413793103,317.0,237.0,312.55172413793105,4.448275862068965,98.0,1.0,0.0,98.0,1.0,0.0
mermin_bell,23,1,8,ibmq,ibm_miami,55.74684143066406,,113.0,23.0,,399.0,,,,,,307.0,,,,,,,,,,,,,,,,,,,,,375.0,24.0,,,,,,,,,,,,,,,,,,,,,,,,,,1.0,1.4,113.0,23.0,23.0,23.0,399.0,307.0,375.0,24.0,113.0,1.0,0.0,23.0,66.0,45.0,1.4,1008.2,120.0,3115.2,1069.4,0.0,94.0,4.0,0.6933333333333334,1069.4,23.0,312.2,1705.2,1.0,0.0,1.0,1.6217020877171309,8.92212389380531,3.483387622149837,,,,231.0,23.0,10.0,1.0,13.5,,,,,,,,,,,,,,,,CPU,sync,,ibm_miami,hardware,False,113.0,23.0,399.0,307.0,375.0,24.0,113.0,1.0,0.0,113.0,1.0,0.0
phase_code,4,1,8,ibmq,ibm_torino,45.26042938232422,,8.0,7.0,,41.0,,,,,,6.0,,,,,,,,,,,,,,,,,,,,,28.0,13.0,,,,,,,,,,,,,,,,,,,,,,,,,,1.0,1.0,8.0,7.0,7.0,10.0,41.0,6.0,28.0,13.0,8.0,1.0,0.0,10.0,,22.0,1.0,11.0,133.0,37.0,6.0,0.0,127.0,2.0,0.09022556390977443,6.0,10.0,12.0,6.0,1.0,0.0,1.0,1.1444750153459609,1.375,1.0,,,,6.0,,,,,,,,,,,,,,3.0,3.0,,,,,CPU,sync,,ibm_torino,hardware,False,8.0,7.0,41.0,6.0,28.0,13.0,8.0,1.0,0.0,8.0,1.0,0.0
phase_code,9,1,8,ibmq,ibm_torino,56.962013244628906,,8.0,17.0,,101.0,,,,,,16.0,,,,,,,,,,,,,,,,,,,,,68.0,33.0,,,,,,,,,,,,,,,,,,,,,,,,,,1.0,1.0,8.0,17.0,17.0,25.0,101.0,16.0,68.0,33.0,8.0,1.0,0.0,25.0,,52.0,1.0,11.0,133.0,97.0,16.0,0.0,117.0,2.0,0.24060150375939848,16.0,25.0,32.0,16.0,1.0,0.0,1.0,2.995408975984901,1.375,1.0,,,,16.0,,,,,,,,,,,,,,8.0,8.0,,,,,CPU,sync,,ibm_torino,hardware,False,8.0,17.0,101.0,16.0,68.0,33.0,8.0,1.0,0.0,8.0,1.0,0.0
phase_code,15,1,8,ibmq,ibm_torino,49.654483795166016,,8.0,36.68,,92.36,,,,,,14.56,,,,,,,,,,,,,,,,,,,,,90.08,2.28,,,,,,,,,,,,,,,,,,,,,,,,,,1.0,1.0,8.0,29.0,29.0,43.0,173.0,28.0,116.0,57.0,8.0,1.0,0.0,43.0,,88.0,1.0,11.0,133.0,169.0,28.0,0.0,105.0,2.0,0.42105263157894735,28.0,43.0,56.0,28.0,1.0,0.0,1.0,3.1496493502054363,1.375,1.0,,,,28.0,,,,,,,,,,,,,,14.0,14.0,,,,,CPU,sync,,ibm_torino,hardware,False,8.0,36.68,92.36,14.56,90.08,2.28,8.0,1.0,0.0,8.0,1.0,0.0
phase_code,16,1,8,ibmq,ibm_torino,56.529998779296875,,8.0,31.0,,185.0,,,,,,30.0,,,,,,,,,,,,,,,,,,,,,124.0,61.0,,,,,,,,,,,,,,,,,,,,,,,,,,1.0,1.0,8.0,31.0,31.0,46.0,185.0,30.0,124.0,61.0,8.0,1.0,0.0,46.0,,94.0,1.0,11.0,133.0,181.0,30.0,0.0,103.0,2.0,0.45112781954887216,30.0,46.0,60.0,30.0,1.0,0.0,1.0,2.8439532332122326,1.375,1.0,,,,30.0,,,,,,,,,,,,,,15.0,15.0,,,,,CPU,sync,,ibm_torino,hardware,False,8.0,31.0,185.0,30.0,124.0,61.0,8.0,1.0,0.0,8.0,1.0,0.0
phase_code,20,1,8,ibmq,ibm_torino,54.030656814575195,,8.0,39.0,,233.0,,,,,,38.0,,,,,,,,,,,,,,,,,,,,,156.0,77.0,,,,,,,,,,,,,,,,,,,,,,,,,,1.0,1.0,8.0,39.0,39.0,58.0,233.0,38.0,156.0,77.0,8.0,1.0,0.0,58.0,,118.0,1.0,11.0,133.0,229.0,38.0,0.0,95.0,2.0,0.5714285714285714,38.0,58.0,76.0,38.0,1.0,0.0,1.0,3.0457407431676984,1.375,1.0,,,,38.0,,,,,,,,,,,,,,19.0,19.0,,,,,CPU,sync,,ibm_torino,hardware,False,8.0,39.0,233.0,38.0,156.0,77.0,8.0,1.0,0.0,8.0,1.0,0.0
phase_code,23,1,8,ibmq,ibm_torino,52.720069885253906,,8.0,45.0,,269.0,,,,,,44.0,,,,,,,,,,,,,,,,,,,,,180.0,89.0,,,,,,,,,,,,,,,,,,,,,,,,,,1.0,1.0,8.0,45.0,45.0,67.0,269.0,44.0,180.0,89.0,8.0,1.0,0.0,67.0,,136.0,1.0,11.0,133.0,265.0,44.0,0.0,89.0,2.0,0.6616541353383458,44.0,67.0,88.0,44.0,1.0,0.0,1.0,2.932185165118426,1.375,1.0,,,,44.0,,,,,,,,,,,,,,22.0,22.0,,,,,CPU,sync,,ibm_torino,hardware,False,8.0,45.0,269.0,44.0,180.0,89.0,8.0,1.0,0.0,8.0,1.0,0.0
qaoa,4,1,1,nwqsim,MPI,150817.663,,,,,,,,,,,,,,,,,,,,,,,,,,,,,,,,,,,,,,,,,,,,,,,,,,,,,,,,,,,,,,,,,,,,,,,,,,,,,,,,,,,,,,,,,,,,,,,,,,,,,,,,,,,,,,,,,,,,,,,,,,,,,,,,,,,,,,
qaoa,4,1,4,nwqsim,MPI,25613.0,,,,,,,,,,,,,,,,,,,,,,,,,,,,,,,,,,,,,,,,,,,,,,,,,,,,,,,,,,,,,,,,,,,,,,,,,,,,,,,,,,,,,,,,,,,,,,,,,,,,,,,,,,,,,,,,,,,,,,,,,,,,,,,,,,,,,,
qaoa,8,1,1,nwqsim,MPI,189736.861,,,,,,,,,,,,,,,,,,,,,,,,,,,,,,,,,,,,,,,,,,,,,,,,,,,,,,,,,,,,,,,,,,,,,,,,,,,,,,,,,,,,,,,,,,,,,,,,,,,,,,,,,,,,,,,,,,,,,,,,,,,,,,,,,,,,,,
qaoa,8,1,4,nwqsim,MPI,24352.166666666668,,,,,,,,,,,,,,,,,,,,,,,,,,,,,,,,,,,,,,,,,,,,,,,,,,,,,,,,,,,,,,,,,,,,,,,,,,,,,,,,,,,,,,,,,,,,,,,,,,,,,,,,,,,,,,,,,,,,,,,,,,,,,,,,,,,,,,
qaoa,8,1,8,nwqsim,MPI,62546.0,,,,,,,,,,,,,,,,,,,,,,,,,,,,,,,,,,,,,,,,,,,,,,,,,,,,,,,,,,,,,,,,,,,,,,,,,,,,,,,,,,,,,,,,,,,,,,,,,,,,,,,,,,,,,,,,,,,,,,,,,,,,,,,,,,,,,,
qaoa,8,4,1,nwqsim,MPI,150730.53999999998,,,,,,,,,,,,,,,,,,,,,,,,,,,,,,,,,,,,,,,,,,,,,,,,,,,,,,,,,,,,,,,,,,,,,,,,,,,,,,,,,,,,,,,,,,,,,,,,,,,,,,,,,,,,,,,,,,,,,,,,,,,,,,,,,,,,,,
qaoa,10,1,1,nwqsim,MPI,158235.234,,,,,,,,,,,,,,,,,,,,,,,,,,,,,,,,,,,,,,,,,,,,,,,,,,,,,,,,,,,,,,,,,,,,,,,,,,,,,,,,,,,,,,,,,,,,,,,,,,,,,,,,,,,,,,,,,,,,,,,,,,,,,,,,,,,,,,
qaoa,10,1,4,nwqsim,MPI,14916.666666666666,,,,,,,,,,,,,,,,,,,,,,,,,,,,,,,,,,,,,,,,,,,,,,,,,,,,,,,,,,,,,,,,,,,,,,,,,,,,,,,,,,,,,,,,,,,,,,,,,,,,,,,,,,,,,,,,,,,,,,,,,,,,,,,,,,,,,,
qaoa,10,2,2,nwqsim,MPI,181533.52860000002,,,,,,,,,,,,,,,,,,,,,,,,,,,,,,,,,,,,,,,,,,,,,,,,,,,,,,,,,,,,,,,,,,,,,,,,,,,,,,,,,,,,,,,,,,,,,,,,,,,,,,,,,,,,,,,,,,,,,,,,,,,,,,,,,,,,,,
qaoa,10,2,4,nwqsim,MPI,149366.60039999997,,,,,,,,,,,,,,,,,,,,,,,,,,,,,,,,,,,,,,,,,,,,,,,,,,,,,,,,,,,,,,,,,,,,,,,,,,,,,,,,,,,,,,,,,,,,,,,,,,,,,,,,,,,,,,,,,,,,,,,,,,,,,,,,,,,,,,
qaoa,10,2,8,nwqsim,MPI,160412.4202,,,,,,,,,,,,,,,,,,,,,,,,,,,,,,,,,,,,,,,,,,,,,,,,,,,,,,,,,,,,,,,,,,,,,,,,,,,,,,,,,,,,,,,,,,,,,,,,,,,,,,,,,,,,,,,,,,,,,,,,,,,,,,,,,,,,,,
qaoa,10,4,1,nwqsim,MPI,155658.965,,,,,,,,,,,,,,,,,,,,,,,,,,,,,,,,,,,,,,,,,,,,,,,,,,,,,,,,,,,,,,,,,,,,,,,,,,,,,,,,,,,,,,,,,,,,,,,,,,,,,,,,,,,,,,,,,,,,,,,,,,,,,,,,,,,,,,
qaoa,10,4,2,nwqsim,MPI,167244.8994,,,,,,,,,,,,,,,,,,,,,,,,,,,,,,,,,,,,,,,,,,,,,,,,,,,,,,,,,,,,,,,,,,,,,,,,,,,,,,,,,,,,,,,,,,,,,,,,,,,,,,,,,,,,,,,,,,,,,,,,,,,,,,,,,,,,,,
qaoa,16,1,4,nwqsim,MPI,18692.333333333332,,,,,,,,,,,,,,,,,,,,,,,,,,,,,,,,,,,,,,,,,,,,,,,,,,,,,,,,,,,,,,,,,,,,,,,,,,,,,,,,,,,,,,,,,,,,,,,,,,,,,,,,,,,,,,,,,,,,,,,,,,,,,,,,,,,,,,
qaoa,16,1,16,nwqsim,MPI,32801.333333333336,,,,,,,,,,,,,,,,,,,,,,,,,,,,,,,,,,,,,,,,,,,,,,,,,,,,,,,,,,,,,,,,,,,,,,,,,,,,,,,,,,,,,,,,,,,,,,,,,,,,,,,,,,,,,,,,,,,,,,,,,,,,,,,,,,,,,,
qaoa,16,1,32,nwqsim,MPI,38240.333333333336,,,,,,,,,,,,,,,,,,,,,,,,,,,,,,,,,,,,,,,,,,,,,,,,,,,,,,,,,,,,,,,,,,,,,,,,,,,,,,,,,,,,,,,,,,,,,,,,,,,,,,,,,,,,,,,,,,,,,,,,,,,,,,,,,,,,,,
qaoa,16,2,2,nwqsim,MPI,16821.333333333332,,,,,,,,,,,,,,,,,,,,,,,,,,,,,,,,,,,,,,,,,,,,,,,,,,,,,,,,,,,,,,,,,,,,,,,,,,,,,,,,,,,,,,,,,,,,,,,,,,,,,,,,,,,,,,,,,,,,,,,,,,,,,,,,,,,,,,
qaoa,16,2,4,nwqsim,MPI,19204.333333333332,,,,,,,,,,,,,,,,,,,,,,,,,,,,,,,,,,,,,,,,,,,,,,,,,,,,,,,,,,,,,,,,,,,,,,,,,,,,,,,,,,,,,,,,,,,,,,,,,,,,,,,,,,,,,,,,,,,,,,,,,,,,,,,,,,,,,,
qaoa,16,2,8,nwqsim,MPI,123110.11111111111,,,,,,,,,,,,,,,,,,,,,,,,,,,,,,,,,,,,,,,,,,,,,,,,,,,,,,,,,,,,,,,,,,,,,,,,,,,,,,,,,,,,,,,,,,,,,,,,,,,,,,,,,,,,,,,,,,,,,,,,,,,,,,,,,,,,,,
qaoa,20,1,1,nwqsim,MPI,179859.00866666666,,,,,,,,,,,,,,,,,,,,,,,,,,,,,,,,,,,,,,,,,,,,,,,,,,,,,,,,,,,,,,,,,,,,,,,,,,,,,,,,,,,,,,,,,,,,,,,,,,,,,,,,,,,,,,,,,,,,,,,,,,,,,,,,,,,,,,
qaoa,20,1,2,nwqsim,MPI,175756.97966666668,,,,,,,,,,,,,,,,,,,,,,,,,,,,,,,,,,,,,,,,,,,,,,,,,,,,,,,,,,,,,,,,,,,,,,,,,,,,,,,,,,,,,,,,,,,,,,,,,,,,,,,,,,,,,,,,,,,,,,,,,,,,,,,,,,,,,,
qaoa,20,1,4,nwqsim,MPI,181048.09466666667,,,,,,,,,,,,,,,,,,,,,,,,,,,,,,,,,,,,,,,,,,,,,,,,,,,,,,,,,,,,,,,,,,,,,,,,,,,,,,,,,,,,,,,,,,,,,,,,,,,,,,,,,,,,,,,,,,,,,,,,,,,,,,,,,,,,,,
qaoa,20,1,8,nwqsim,MPI,110783.99016666667,,,,,,,,,,,,,,,,,,,,,,,,,,,,,,,,,,,,,,,,,,,,,,,,,,,,,,,,,,,,,,,,,,,,,,,,,,,,,,,,,,,,,,,,,,,,,,,,,,,,,,,,,,,,,,,,,,,,,,,,,,,,,,,,,,,,,,
qaoa,20,1,16,nwqsim,MPI,190405.52827272727,,,,,,,,,,,,,,,,,,,,,,,,,,,,,,,,,,,,,,,,,,,,,,,,,,,,,,,,,,,,,,,,,,,,,,,,,,,,,,,,,,,,,,,,,,,,,,,,,,,,,,,,,,,,,,,,,,,,,,,,,,,,,,,,,,,,,,
qaoa,20,2,2,nwqsim,MPI,184967.3582,,,,,,,,,,,,,,,,,,,,,,,,,,,,,,,,,,,,,,,,,,,,,,,,,,,,,,,,,,,,,,,,,,,,,,,,,,,,,,,,,,,,,,,,,,,,,,,,,,,,,,,,,,,,,,,,,,,,,,,,,,,,,,,,,,,,,,
qaoa,20,2,4,nwqsim,MPI,177517.9652,,,,,,,,,,,,,,,,,,,,,,,,,,,,,,,,,,,,,,,,,,,,,,,,,,,,,,,,,,,,,,,,,,,,,,,,,,,,,,,,,,,,,,,,,,,,,,,,,,,,,,,,,,,,,,,,,,,,,,,,,,,,,,,,,,,,,,
qaoa,20,2,8,nwqsim,MPI,49991.21844444444,,,,,,,,,,,,,,,,,,,,,,,,,,,,,,,,,,,,,,,,,,,,,,,,,,,,,,,,,,,,,,,,,,,,,,,,,,,,,,,,,,,,,,,,,,,,,,,,,,,,,,,,,,,,,,,,,,,,,,,,,,,,,,,,,,,,,,
qaoa,20,4,1,nwqsim,MPI,177192.078,,,,,,,,,,,,,,,,,,,,,,,,,,,,,,,,,,,,,,,,,,,,,,,,,,,,,,,,,,,,,,,,,,,,,,,,,,,,,,,,,,,,,,,,,,,,,,,,,,,,,,,,,,,,,,,,,,,,,,,,,,,,,,,,,,,,,,
qaoa,20,4,2,nwqsim,MPI,171432.541,,,,,,,,,,,,,,,,,,,,,,,,,,,,,,,,,,,,,,,,,,,,,,,,,,,,,,,,,,,,,,,,,,,,,,,,,,,,,,,,,,,,,,,,,,,,,,,,,,,,,,,,,,,,,,,,,,,,,,,,,,,,,,,,,,,,,,
qaoa,20,4,4,nwqsim,MPI,172600.9556,,,,,,,,,,,,,,,,,,,,,,,,,,,,,,,,,,,,,,,,,,,,,,,,,,,,,,,,,,,,,,,,,,,,,,,,,,,,,,,,,,,,,,,,,,,,,,,,,,,,,,,,,,,,,,,,,,,,,,,,,,,,,,,,,,,,,,
qaoa,20,4,8,nwqsim,MPI,180958.547,,,,,,,,,,,,,,,,,,,,,,,,,,,,,,,,,,,,,,,,,,,,,,,,,,,,,,,,,,,,,,,,,,,,,,,,,,,,,,,,,,,,,,,,,,,,,,,,,,,,,,,,,,,,,,,,,,,,,,,,,,,,,,,,,,,,,,
qaoa,30,16,8,nwqsim,MPI,5148218.6899999995,,,,,,,,,,,,,,,,,,,,,,,,,,,,,,,,,,,,,,,,,,,,,,,,,,,,,,,,,,,,,,,,,,,,,,,,,,,,,,,,,,,,,,,,,,,,,,,,,,,,,,,,,,,,,,,,,,,,,,,,,,,,,,,,,,,,,,
tfim,4,1,4,nwqsim,mpi,420.3763636363636,4.0,14.0,4.0,4.0,20.0,20.0,0.0,1.0,4.0,12.0,8.0,0.0,0.0,1.0,1.0,20.0,8.0,1.0,1.0,0.0,0.0,0.0,20.0,40.0,16.0,,0.0,4.0,7.0,7.0,7.0,8.0,12.0,1.0,8.0,0.4,0.4898979485566356,0.0,1.0,8.0,1.0,,,0.0,0.0,0.0,0.0,8.0,0.0,0.0,4.0,0.0,4.0,0.0,4.0,0.0,0.0,0.0,,,,,,,,,,,,,,,,,,,,,,,,,,,,,,,,,,,,,,,,,,,,,,,,,,,,,,,,,,,,,,,,,14.0,6.526315789473684,20.0,8.0,10.526315789473685,9.473684210526315,14.0,1.0,0.0,14.0,1.0,0.0
tfim,4,1,8,ibmq,ibm_torino,49.12257194519043,4.0,14.0,4.0,4.0,20.0,20.0,0.0,1.0,4.0,12.0,8.0,0.0,0.0,1.0,1.0,20.0,8.0,1.0,1.0,0.0,0.0,0.0,20.0,40.0,16.0,,0.0,4.0,7.0,7.0,7.0,8.0,12.0,1.0,8.0,0.4,0.4898979485566356,0.0,1.0,8.0,1.0,,,0.0,0.0,0.0,0.0,8.0,0.0,0.0,4.0,0.0,4.0,0.0,4.0,0.0,0.0,0.0,1.0,1.0,14.0,4.0,4.0,4.0,20.0,8.0,8.0,12.0,14.0,1.0,0.0,4.0,8.0,,1.0,51.0,133.0,78.0,14.0,0.0,130.0,2.0,0.045112781954887216,14.0,4.0,31.0,29.0,1.0,0.0,1.0,1.6593758491799235,3.642857142857143,1.75,,,4.0,,,,4.0,,,,,,,,,,,,,,,,,CPU,sync,,ibm_torino,hardware,False,14.0,6.526315789473684,20.0,8.0,10.526315789473685,9.473684210526315,14.0,1.0,0.0,14.0,1.0,0.0
tfim,8,1,4,nwqsim,mpi,457.1766666666667,8.0,26.0,8.0,8.0,40.0,40.0,0.0,1.0,8.0,24.0,16.0,0.0,0.0,1.0,1.0,40.0,16.0,1.0,1.0,0.0,0.0,0.0,40.0,80.0,28.0,,0.0,8.0,7.0,7.0,7.0,16.0,24.0,1.0,16.0,0.4,0.4898979485566356,0.0,1.0,16.0,1.0,,,0.0,0.0,0.0,0.0,16.0,0.0,0.0,8.0,0.0,8.0,0.0,8.0,0.0,0.0,0.0,,,,,,,,,,,,,,,,,,,,,,,,,,,,,,,,,,,,,,,,,,,,,,,,,,,,,,,,,,,,,,,,,26.0,12.465116279069768,40.0,16.0,20.46511627906977,19.53488372093023,26.0,1.0,0.0,26.0,1.0,0.0
tfim,8,1,8,ibmq,ibm_torino,47.89471626281738,8.0,26.0,8.0,8.0,40.0,40.0,0.0,1.0,8.0,24.0,16.0,0.0,0.0,1.0,1.0,40.0,16.0,1.0,1.0,0.0,0.0,0.0,40.0,80.0,28.0,,0.0,8.0,7.0,7.0,7.0,16.0,24.0,1.0,16.0,0.4,0.4898979485566356,0.0,1.0,16.0,1.0,,,0.0,0.0,0.0,0.0,16.0,0.0,0.0,8.0,0.0,8.0,0.0,8.0,0.0,0.0,0.0,1.0,1.0,26.0,8.0,8.0,8.0,40.0,16.0,16.0,24.0,26.0,1.0,0.0,8.0,16.0,,1.0,109.0,133.0,152.0,28.0,0.0,122.0,2.0,0.18045112781954886,28.0,8.0,59.0,57.0,1.0,0.0,1.0,1.46759622823447,4.1923076923076925,1.75,,,8.0,,,,8.0,,,,,,,,,,,,,,,,,CPU,sync,,ibm_torino,hardware,False,26.0,12.465116279069768,40.0,16.0,20.46511627906977,19.53488372093023,26.0,1.0,0.0,26.0,1.0,0.0
tfim,9,1,8,ibmq,ibm_torino,40.53354263305664,9.0,29.0,9.0,9.0,45.0,45.0,0.0,1.0,9.0,27.0,18.0,0.0,0.0,1.0,1.0,45.0,18.0,1.0,1.0,0.0,0.0,0.0,45.0,90.0,31.0,,0.0,9.0,7.0,7.0,7.0,18.0,27.0,1.0,18.0,0.4,0.4898979485566356,0.0,1.0,18.0,1.0,,,0.0,0.0,0.0,0.0,18.0,0.0,0.0,9.0,0.0,9.0,0.0,9.0,0.0,0.0,0.0,1.0,1.0,29.0,9.0,9.0,9.0,45.0,18.0,18.0,27.0,29.0,1.0,0.0,9.0,18.0,,1.0,113.0,133.0,157.0,27.0,0.0,122.0,2.0,0.18045112781954886,27.0,9.0,66.0,55.0,1.0,0.0,1.0,1.665587440598756,3.896551724137931,1.5,,,9.0,,,,9.0,,,,,,,,,,,,,,,,,CPU,sync,,ibm_torino,hardware,False,29.0,13.695652173913043,45.0,18.0,22.695652173913043,22.304347826086957,29.0,1.0,0.0,29.0,1.0,0.0
tfim,12,1,4,nwqsim,mpi,476.1766666666667,12.0,38.0,12.0,12.0,60.0,60.0,0.0,1.0,12.0,36.0,24.0,0.0,0.0,1.0,1.0,60.0,24.0,1.0,1.0,0.0,0.0,0.0,60.0,120.0,40.0,,0.0,12.0,7.0,7.0,7.0,24.0,36.0,1.0,24.0,0.4,0.4898979485566356,0.0,1.0,24.0,1.0,,,0.0,0.0,0.0,0.0,24.0,0.0,0.0,12.0,0.0,12.0,0.0,12.0,0.0,0.0,0.0,,,,,,,,,,,,,,,,,,,,,,,,,,,,,,,,,,,,,,,,,,,,,,,,,,,,,,,,,,,,,,,,,,,,,,,,,,,,
tfim,16,1,4,qiskitaer,automatic,0.0,16.0,50.0,16.0,16.0,80.0,80.0,0.0,1.0,16.0,48.0,32.0,0.0,0.0,1.0,1.0,80.0,32.0,1.0,1.0,0.0,0.0,0.0,80.0,160.0,52.0,,0.0,16.0,7.0,7.0,7.0,32.0,48.0,1.0,32.0,0.4,0.4898979485566356,0.0,1.0,32.0,1.0,,,0.0,0.0,0.0,0.0,32.0,0.0,0.0,16.0,0.0,16.0,0.0,16.0,0.0,0.0,0.0,,,,,,,,,,,,,,,,,,,,,,,,,,,,,,,,,,,,,,,,,,,,,,,,,,,,,,,,,,,,,,,,,50.0,24.727272727272727,80.0,32.0,40.72727272727273,39.27272727272727,50.0,1.0,0.0,50.0,1.0,0.0
tfim,16,1,8,ibmq,ibm_torino,100.85821151733398,16.0,50.0,16.0,16.0,80.0,80.0,0.0,1.0,16.0,48.0,32.0,0.0,0.0,1.0,1.0,80.0,32.0,1.0,1.0,0.0,0.0,0.0,80.0,160.0,52.0,,0.0,16.0,7.0,7.0,7.0,32.0,48.0,1.0,32.0,0.4,0.4898979485566356,0.0,1.0,32.0,1.0,,,0.0,0.0,0.0,0.0,32.0,0.0,0.0,16.0,0.0,16.0,0.0,16.0,0.0,0.0,0.0,1.0,1.0,50.0,16.0,16.0,16.0,80.0,32.0,32.0,48.0,50.0,1.0,0.0,16.0,32.0,,1.0,223.0,133.0,375.0,71.0,0.0,118.0,3.0,0.24060150375939848,71.0,16.0,139.0,149.0,1.0,0.0,1.0,2.1628632028587162,4.46,2.21875,,,16.0,,,,16.0,,,,,,,,,,,,,,,,,CPU,sync,,ibm_torino,hardware,False,50.0,24.727272727272727,80.0,32.0,40.72727272727273,39.27272727272727,50.0,1.0,0.0,50.0,1.0,0.0
tfim,16,1,16,nwqsim,mpi,559.928,16.0,50.0,16.0,16.0,80.0,80.0,0.0,1.0,16.0,48.0,32.0,0.0,0.0,1.0,1.0,80.0,32.0,1.0,1.0,0.0,0.0,0.0,80.0,160.0,52.0,,0.0,16.0,7.0,7.0,7.0,32.0,48.0,1.0,32.0,0.4,0.4898979485566356,0.0,1.0,32.0,1.0,,,0.0,0.0,0.0,0.0,32.0,0.0,0.0,16.0,0.0,16.0,0.0,16.0,0.0,0.0,0.0,,,,,,,,,,,,,,,,,,,,,,,,,,,,,,,,,,,,,,,,,,,,,,,,,,,,,,,,,,,,,,,,,50.0,24.727272727272727,80.0,32.0,40.72727272727273,39.27272727272727,50.0,1.0,0.0,50.0,1.0,0.0
tfim,16,2,2,qiskitaer,automatic,0.0,16.0,50.0,16.0,16.0,80.0,80.0,0.0,1.0,16.0,48.0,32.0,0.0,0.0,1.0,1.0,80.0,32.0,1.0,1.0,0.0,0.0,0.0,80.0,160.0,52.0,,0.0,16.0,7.0,7.0,7.0,32.0,48.0,1.0,32.0,0.4,0.4898979485566356,0.0,1.0,32.0,1.0,,,0.0,0.0,0.0,0.0,32.0,0.0,0.0,16.0,0.0,16.0,0.0,16.0,0.0,0.0,0.0,,,,,,,,,,,,,,,,,,,,,,,,,,,,,,,,,,,,,,,,,,,,,,,,,,,,,,,,,,,,,,,,,50.0,24.727272727272727,80.0,32.0,40.72727272727273,39.27272727272727,50.0,1.0,0.0,50.0,1.0,0.0
tfim,16,2,4,nwqsim,mpi,531.5933333333334,16.0,50.0,16.0,16.0,80.0,80.0,0.0,1.0,16.0,48.0,32.0,0.0,0.0,1.0,1.0,80.0,32.0,1.0,1.0,0.0,0.0,0.0,80.0,160.0,52.0,,0.0,16.0,7.0,7.0,7.0,32.0,48.0,1.0,32.0,0.4,0.4898979485566356,0.0,1.0,32.0,1.0,,,0.0,0.0,0.0,0.0,32.0,0.0,0.0,16.0,0.0,16.0,0.0,16.0,0.0,0.0,0.0,,,,,,,,,,,,,,,,,,,,,,,,,,,,,,,,,,,,,,,,,,,,,,,,,,,,,,,,,,,,,,,,,50.0,24.727272727272727,80.0,32.0,40.72727272727273,39.27272727272727,50.0,1.0,0.0,50.0,1.0,0.0
tfim,16,2,8,nwqsim,mpi,517.208,16.0,50.0,16.0,16.0,80.0,80.0,0.0,1.0,16.0,48.0,32.0,0.0,0.0,1.0,1.0,80.0,32.0,1.0,1.0,0.0,0.0,0.0,80.0,160.0,52.0,,0.0,16.0,7.0,7.0,7.0,32.0,48.0,1.0,32.0,0.4,0.4898979485566356,0.0,1.0,32.0,1.0,,,0.0,0.0,0.0,0.0,32.0,0.0,0.0,16.0,0.0,16.0,0.0,16.0,0.0,0.0,0.0,,,,,,,,,,,,,,,,,,,,,,,,,,,,,,,,,,,,,,,,,,,,,,,,,,,,,,,,,,,,,,,,,50.0,24.727272727272727,80.0,32.0,40.72727272727273,39.27272727272727,50.0,1.0,0.0,50.0,1.0,0.0
tfim,18,1,32,nwqsim,mpi,733.7239999999999,18.0,56.0,18.0,18.0,90.0,90.0,0.0,1.0,18.0,54.0,36.0,0.0,0.0,1.0,1.0,90.0,36.0,1.0,1.0,0.0,0.0,0.0,90.0,180.0,58.0,,0.0,18.0,7.0,7.0,7.0,36.0,54.0,1.0,36.0,0.4,0.4898979485566356,0.0,1.0,36.0,1.0,,,0.0,0.0,0.0,0.0,36.0,0.0,0.0,18.0,0.0,18.0,0.0,18.0,0.0,0.0,0.0,,,,,,,,,,,,,,,,,,,,,,,,,,,,,,,,,,,,,,,,,,,,,,,,,,,,,,,,,,,,,,,,,,,,,,,,,,,,
tfim,20,1,8,ibmq,ibm_torino,52.86121368408203,20.0,62.0,20.0,20.0,100.0,100.0,0.0,1.0,20.0,60.0,40.0,0.0,0.0,1.0,1.0,100.0,40.0,1.0,1.0,0.0,0.0,0.0,100.0,200.0,64.0,,0.0,20.0,7.0,7.0,7.0,40.0,60.0,1.0,40.0,0.4,0.4898979485566356,0.0,1.0,40.0,1.0,,,0.0,0.0,0.0,0.0,40.0,0.0,0.0,20.0,0.0,20.0,0.0,20.0,0.0,0.0,0.0,1.0,1.0,62.0,20.0,20.0,20.0,100.0,40.0,40.0,60.0,62.0,1.0,0.0,20.0,40.0,,1.0,206.0,133.0,285.0,40.0,0.0,114.0,2.0,0.3007518796992481,40.0,20.0,143.0,82.0,1.0,0.0,1.0,2.3993622506968677,3.3225806451612905,1.0,,,20.0,,,,20.0,,,,,,,,,,,,,,,,,CPU,sync,,ibm_torino,hardware,False,62.0,31.162790697674417,100.0,40.0,51.16279069767442,48.83720930232558,62.0,1.0,0.0,62.0,1.0,0.0
tfim,20,1,32,nwqsim,mpi,782.429,20.0,62.0,20.0,20.0,100.0,100.0,0.0,1.0,20.0,60.0,40.0,0.0,0.0,1.0,1.0,100.0,40.0,1.0,1.0,0.0,0.0,0.0,100.0,200.0,64.0,,0.0,20.0,7.0,7.0,7.0,40.0,60.0,1.0,40.0,0.4,0.4898979485566356,0.0,1.0,40.0,1.0,,,0.0,0.0,0.0,0.0,40.0,0.0,0.0,20.0,0.0,20.0,0.0,20.0,0.0,0.0,0.0,,,,,,,,,,,,,,,,,,,,,,,,,,,,,,,,,,,,,,,,,,,,,,,,,,,,,,,,,,,,,,,,,62.0,31.162790697674417,100.0,40.0,51.16279069767442,48.83720930232558,62.0,1.0,0.0,62.0,1.0,0.0
tfim,20,2,4,nwqsim,mpi,608.75,20.0,62.0,20.0,20.0,100.0,100.0,0.0,1.0,20.0,60.0,40.0,0.0,0.0,1.0,1.0,100.0,40.0,1.0,1.0,0.0,0.0,0.0,100.0,200.0,64.0,,0.0,20.0,7.0,7.0,7.0,40.0,60.0,1.0,40.0,0.4,0.4898979485566356,0.0,1.0,40.0,1.0,,,0.0,0.0,0.0,0.0,40.0,0.0,0.0,20.0,0.0,20.0,0.0,20.0,0.0,0.0,0.0,,,,,,,,,,,,,,,,,,,,,,,,,,,,,,,,,,,,,,,,,,,,,,,,,,,,,,,,,,,,,,,,,62.0,31.162790697674417,100.0,40.0,51.16279069767442,48.83720930232558,62.0,1.0,0.0,62.0,1.0,0.0
tfim,22,1,32,nwqsim,mpi,913.1899999999999,,,,,,,,,,,,,,,,,,,,,,,,,,,,,,,,,,,,,,,,,,,,,,,,,,,,,,,,,,,,,,,,,,,,,,,,,,,,,,,,,,,,,,,,,,,,,,,,,,,,,,,,,,,,,,,,,,,,,,,,,,,,,,,,,,,,,,
tfim,23,1,8,ibmq,ibm_torino,53.94577980041504,,71.0,35.83720930232558,,115.0,,,,,,46.0,,,,,,,,,,,,,,,,,,,,,58.83720930232558,56.16279069767442,,,,,,,,,,,,,,,,,,,,,,,,,,1.0,1.0,71.0,23.0,23.0,23.0,115.0,46.0,46.0,69.0,71.0,1.0,0.0,23.0,46.0,,1.0,343.0,133.0,499.0,103.0,0.0,107.0,3.0,0.40601503759398494,103.0,23.0,170.0,203.0,1.0,0.0,1.0,2.910692905075848,4.830985915492958,2.239130434782609,,,23.0,,,,23.0,,,,,,,,,,,,,,,,,CPU,sync,,ibm_torino,hardware,False,71.0,35.83720930232558,115.0,46.0,58.83720930232558,56.16279069767442,71.0,1.0,0.0,71.0,1.0,0.0
tfim,24,1,8,tnqvm,exatn-mps,0.0,,74.0,24.0,,120.0,,,,,,48.0,,,,,,,,,,,,,,,,,,,,,48.0,72.0,,,,,,,,,,,,,,,,,,,,,,,,,,,,,,,,,,,,,,,,,,,,,,,,,,,,,,,,,,,,,,,,,,,,,,,,,,,,,,,,,,,,,,,,,,74.0,24.0,120.0,48.0,48.0,72.0,74.0,1.0,0.0,74.0,1.0,0.0
tfim,24,1,32,nwqsim,mpi,1454.974,,74.0,24.0,,120.0,,,,,,48.0,,,,,,,,,,,,,,,,,,,,,48.0,72.0,,,,,,,,,,,,,,,,,,,,,,,,,,,,,,,,,,,,,,,,,,,,,,,,,,,,,,,,,,,,,,,,,,,,,,,,,,,,,,,,,,,,,,,,,,74.0,24.0,120.0,48.0,48.0,72.0,74.0,1.0,0.0,74.0,1.0,0.0
tfim,24,2,4,tnqvm,exatn-mps,0.0,,74.0,24.0,,120.0,,,,,,48.0,,,,,,,,,,,,,,,,,,,,,48.0,72.0,,,,,,,,,,,,,,,,,,,,,,,,,,,,,,,,,,,,,,,,,,,,,,,,,,,,,,,,,,,,,,,,,,,,,,,,,,,,,,,,,,,,,,,,,,74.0,24.0,120.0,48.0,48.0,72.0,74.0,1.0,0.0,74.0,1.0,0.0
tfim,25,1,8,ionq,simulator,6183.57914686203,,77.0,25.0,,125.0,,,,,,50.0,,,,,,,,,,,,,,,,,,,,,50.0,75.0,,,,,,,,,,,,,,,,,,,,,,,,,,1.0,1.5,77.0,25.0,25.0,25.0,125.0,50.0,50.0,75.0,77.0,1.0,0.0,25.0,50.0,,1.5,77.0,25.0,125.0,50.0,0.0,1.0,2.0,2.0,,25.0,25.0,,1.0,0.0,1.0,0.4435828768182546,1.0,1.0,50.0,,25.0,,,,25.0,,,,,,,,,,25.0,,,,,,,CPU,sync,,ionq_simulator,simulator,True,77.0,25.0,125.0,50.0,50.0,75.0,77.0,1.0,0.0,77.0,1.0,0.0
tfim,26,1,8,ibmq,ibm_miami,14377.686977386475,,80.0,26.0,,130.0,,,,,,52.0,,,,,,,,,,,,,,,,,,,,,52.0,78.0,,,,,,,,,,,,,,,,,,,,,,,,,,1.0,1.5,80.0,26.0,26.0,26.0,130.0,52.0,52.0,78.0,80.0,1.0,0.0,26.0,52.0,,1.5,273.75,120.0,453.5,78.25,0.0,95.0,2.5,0.44166666666666665,78.25,26.0,177.25,171.5,1.0,0.0,1.0,4.957944596244488,3.421875,1.5048076923076923,,,26.0,,,,26.0,1.0,,,,,,,,,,,,,,,,CPU,sync,,,hardware,False,80.0,26.0,130.0,52.0,52.0,78.0,80.0,1.0,0.0,80.0,1.0,0.0
tfim,26,1,32,nwqsim,mpi,4290.468,,80.0,26.0,,130.0,,,,,,52.0,,,,,,,,,,,,,,,,,,,,,52.0,78.0,,,,,,,,,,,,,,,,,,,,,,,,,,,,,,,,,,,,,,,,,,,,,,,,,,,,,,,,,,,,,,,,,,,,,,,,,,,,,,,,,,,,,,,,,,80.0,26.0,130.0,52.0,52.0,78.0,80.0,1.0,0.0,80.0,1.0,0.0
tfim,27,1,8,ibmq,ibm_boston,22092.830657958984,,83.0,27.0,,135.0,,,,,,54.0,,,,,,,,,,,,,,,,,,,,,54.0,81.0,,,,,,,,,,,,,,,,,,,,,,,,,,1.0,1.5,83.0,27.0,27.0,27.0,135.0,54.0,54.0,81.0,83.0,1.0,0.0,27.0,54.0,,1.5,368.25,156.0,704.5,142.5,0.0,127.75,3.0,0.375,142.5,27.0,222.5,306.25,1.0,0.0,1.0,1.442910760990344,4.436746987951808,2.6388888888888893,,,27.0,,,,27.0,12.5,,,,,,,,,,,,,,,,CPU,sync,,,hardware,False,83.0,27.0,135.0,54.0,54.0,81.0,83.0,1.0,0.0,83.0,1.0,0.0
tfim,28,1,4,ionq,simulator,33779.11666666667,,86.0,28.0,,140.0,,,,,,56.0,,,,,,,,,,,,,,,,,,,,,56.0,84.0,,,,,,,,,,,,,,,,,,,,,,,,,,1.0,1.3333333333333333,86.0,28.0,28.0,28.0,140.0,56.0,56.0,84.0,86.0,1.0,0.0,28.0,56.0,,1.3333333333333333,86.0,28.0,140.0,56.0,0.0,1.0,2.0,2.0,,28.0,28.0,,1.0,0.0,1.0,0.4621601498996218,1.0,1.0,56.0,,28.0,,,,28.0,,,,,,,,,,28.0,,,,,,,CPU,sync,,ionq_simulator,simulator,True,86.0,28.0,140.0,56.0,56.0,84.0,86.0,1.0,0.0,86.0,1.0,0.0
tfim,28,1,8,ibmq,ibm_boston,20406.27344449361,,86.0,28.0,,140.0,,,,,,56.0,,,,,,,,,,,,,,,,,,,,,56.0,84.0,,,,,,,,,,,,,,,,,,,,,,,,,,1.0,1.6666666666666667,86.0,28.0,28.0,28.0,140.0,56.0,56.0,84.0,86.0,1.0,0.0,28.0,56.0,,1.6666666666666667,308.3333333333333,156.0,576.3333333333334,113.0,0.0,129.0,2.3333333333333335,0.3547008547008547,113.0,28.0,188.66666666666666,246.0,1.0,0.0,1.0,1.6673178537748754,3.5852713178294575,2.017857142857143,,,28.0,,,,28.0,1.0,,,,,,,,,,,,,,,,CPU,sync,,,hardware,False,86.0,28.0,140.0,56.0,56.0,84.0,86.0,1.0,0.0,86.0,1.0,0.0
tfim,28,1,16,nwqsim,mpi,28563.184,,86.0,28.0,,140.0,,,,,,56.0,,,,,,,,,,,,,,,,,,,,,56.0,84.0,,,,,,,,,,,,,,,,,,,,,,,,,,,,,,,,,,,,,,,,,,,,,,,,,,,,,,,,,,,,,,,,,,,,,,,,,,,,,,,,,,,,,,,,,,86.0,28.0,140.0,56.0,56.0,84.0,86.0,1.0,0.0,86.0,1.0,0.0
tfim,28,1,32,qiskitaer,matrix_product_state,6619.248,,86.0,28.0,,140.0,,,,,,56.0,,,,,,,,,,,,,,,,,,,,,56.0,84.0,,,,,,,,,,,,,,,,,,,,,,,,,,,,,,,,,,,,,,,,,,,,,,,,,,,,,,,,,,,,,,,,,,,,,,,,,,,,,,,,,,,,,,,,,,86.0,28.0,140.0,56.0,56.0,84.0,86.0,1.0,0.0,86.0,1.0,0.0
tfim,28,2,4,qiskitaer,matrix_product_state,6298.823333333334,,86.0,28.0,,140.0,,,,,,56.0,,,,,,,,,,,,,,,,,,,,,56.0,84.0,,,,,,,,,,,,,,,,,,,,,,,,,,,,,,,,,,,,,,,,,,,,,,,,,,,,,,,,,,,,,,,,,,,,,,,,,,,,,,,,,,,,,,,,,,86.0,28.0,140.0,56.0,56.0,84.0,86.0,1.0,0.0,86.0,1.0,0.0
tfim,28,2,8,nwqsim,mpi,28537.654,,86.0,28.0,,140.0,,,,,,56.0,,,,,,,,,,,,,,,,,,,,,56.0,84.0,,,,,,,,,,,,,,,,,,,,,,,,,,,,,,,,,,,,,,,,,,,,,,,,,,,,,,,,,,,,,,,,,,,,,,,,,,,,,,,,,,,,,,,,,,86.0,28.0,140.0,56.0,56.0,84.0,86.0,1.0,0.0,86.0,1.0,0.0
tfim,28,2,16,nwqsim,mpi,15633.189999999999,,86.0,28.0,,140.0,,,,,,56.0,,,,,,,,,,,,,,,,,,,,,56.0,84.0,,,,,,,,,,,,,,,,,,,,,,,,,,,,,,,,,,,,,,,,,,,,,,,,,,,,,,,,,,,,,,,,,,,,,,,,,,,,,,,,,,,,,,,,,,86.0,28.0,140.0,56.0,56.0,84.0,86.0,1.0,0.0,86.0,1.0,0.0
tfim,28,4,2,nwqsim,mpi,38743.547999999995,,86.0,28.0,,140.0,,,,,,56.0,,,,,,,,,,,,,,,,,,,,,56.0,84.0,,,,,,,,,,,,,,,,,,,,,,,,,,,,,,,,,,,,,,,,,,,,,,,,,,,,,,,,,,,,,,,,,,,,,,,,,,,,,,,,,,,,,,,,,,86.0,28.0,140.0,56.0,56.0,84.0,86.0,1.0,0.0,86.0,1.0,0.0
tfim,28,4,4,nwqsim,mpi,28576.378000000004,,86.0,28.0,,140.0,,,,,,56.0,,,,,,,,,,,,,,,,,,,,,56.0,84.0,,,,,,,,,,,,,,,,,,,,,,,,,,,,,,,,,,,,,,,,,,,,,,,,,,,,,,,,,,,,,,,,,,,,,,,,,,,,,,,,,,,,,,,,,,86.0,28.0,140.0,56.0,56.0,84.0,86.0,1.0,0.0,86.0,1.0,0.0
tfim,28,4,8,qiskitaer,matrix_product_state,6563.94,,86.0,28.0,,140.0,,,,,,56.0,,,,,,,,,,,,,,,,,,,,,56.0,84.0,,,,,,,,,,,,,,,,,,,,,,,,,,,,,,,,,,,,,,,,,,,,,,,,,,,,,,,,,,,,,,,,,,,,,,,,,,,,,,,,,,,,,,,,,,86.0,28.0,140.0,56.0,56.0,84.0,86.0,1.0,0.0,86.0,1.0,0.0
tfim,28,8,2,nwqsim,mpi,28309.29,,86.0,28.0,,140.0,,,,,,56.0,,,,,,,,,,,,,,,,,,,,,56.0,84.0,,,,,,,,,,,,,,,,,,,,,,,,,,,,,,,,,,,,,,,,,,,,,,,,,,,,,,,,,,,,,,,,,,,,,,,,,,,,,,,,,,,,,,,,,,86.0,28.0,140.0,56.0,56.0,84.0,86.0,1.0,0.0,86.0,1.0,0.0
tfim,28,8,4,nwqsim,mpi,15658.388,,86.0,28.0,,140.0,,,,,,56.0,,,,,,,,,,,,,,,,,,,,,56.0,84.0,,,,,,,,,,,,,,,,,,,,,,,,,,,,,,,,,,,,,,,,,,,,,,,,,,,,,,,,,,,,,,,,,,,,,,,,,,,,,,,,,,,,,,,,,,86.0,28.0,140.0,56.0,56.0,84.0,86.0,1.0,0.0,86.0,1.0,0.0
tfim,28,8,8,nwqsim,mpi,9942.488000000001,,86.0,28.0,,140.0,,,,,,56.0,,,,,,,,,,,,,,,,,,,,,56.0,84.0,,,,,,,,,,,,,,,,,,,,,,,,,,,,,,,,,,,,,,,,,,,,,,,,,,,,,,,,,,,,,,,,,,,,,,,,,,,,,,,,,,,,,,,,,,86.0,28.0,140.0,56.0,56.0,84.0,86.0,1.0,0.0,86.0,1.0,0.0
tfim,29,1,8,ibmq,ibm_boston,17416.617691516876,,89.0,29.0,,145.0,,,,,,58.0,,,,,,,,,,,,,,,,,,,,,58.0,87.0,,,,,,,,,,,,,,,,,,,,,,,,,,1.0,1.5,89.0,29.0,29.0,29.0,145.0,58.0,58.0,87.0,89.0,1.0,0.0,29.0,58.0,,1.5,389.0,156.0,734.0,153.25,0.0,116.25,3.0,0.5224358974358975,153.25,29.0,219.5,327.0,1.0,0.0,1.0,2.368843640317209,4.370786516853933,2.6422413793103448,,,29.0,,,,29.0,10.5,,,,,,,,,,,,,,,,CPU,sync,,,hardware,False,89.0,29.0,145.0,58.0,58.0,87.0,89.0,1.0,0.0,89.0,1.0,0.0
tfim,30,1,8,ibmq,ibm_boston,20954.295098781586,,92.0,30.0,,150.0,,,,,,60.0,,,,,,,,,,,,,,,,,,,,,60.0,90.0,,,,,,,,,,,,,,,,,,,,,,,,,,1.0,1.5,92.0,30.0,30.0,30.0,150.0,60.0,60.0,90.0,92.0,1.0,0.0,30.0,60.0,,1.5,402.5,156.0,758.25,158.0,0.0,116.75,3.0,0.5160256410256411,158.0,30.0,227.5,338.0,1.0,0.0,1.0,13.296806414145976,4.375,2.6333333333333333,,,30.0,,,,30.0,9.5,,,,,,,,,,,,,,,,CPU,sync,,,hardware,False,92.0,30.0,150.0,60.0,60.0,90.0,92.0,1.0,0.0,92.0,1.0,0.0
tfim,30,1,32,qiskitaer,matrix_product_state,6590.014,,92.0,30.0,,150.0,,,,,,60.0,,,,,,,,,,,,,,,,,,,,,60.0,90.0,,,,,,,,,,,,,,,,,,,,,,,,,,,,,,,,,,,,,,,,,,,,,,,,,,,,,,,,,,,,,,,,,,,,,,,,,,,,,,,,,,,,,,,,,,92.0,30.0,150.0,60.0,60.0,90.0,92.0,1.0,0.0,92.0,1.0,0.0
tfim,30,2,8,qiskitaer,matrix_product_state,6936.03,,92.0,30.0,,150.0,,,,,,60.0,,,,,,,,,,,,,,,,,,,,,60.0,90.0,,,,,,,,,,,,,,,,,,,,,,,,,,,,,,,,,,,,,,,,,,,,,,,,,,,,,,,,,,,,,,,,,,,,,,,,,,,,,,,,,,,,,,,,,,92.0,30.0,150.0,60.0,60.0,90.0,92.0,1.0,0.0,92.0,1.0,0.0
tfim,30,2,16,qiskitaer,matrix_product_state,6336.983333333334,,92.0,30.0,,150.0,,,,,,60.0,,,,,,,,,,,,,,,,,,,,,60.0,90.0,,,,,,,,,,,,,,,,,,,,,,,,,,,,,,,,,,,,,,,,,,,,,,,,,,,,,,,,,,,,,,,,,,,,,,,,,,,,,,,,,,,,,,,,,,92.0,30.0,150.0,60.0,60.0,90.0,92.0,1.0,0.0,92.0,1.0,0.0
tfim,31,1,8,ibmq,ibm_boston,22251.330733299255,,95.0,31.0,,155.0,,,,,,62.0,,,,,,,,,,,,,,,,,,,,,62.0,93.0,,,,,,,,,,,,,,,,,,,,,,,,,,1.0,1.5,95.0,31.0,31.0,31.0,155.0,62.0,62.0,93.0,95.0,1.0,0.0,31.0,62.0,,1.5,404.5,156.0,745.0,156.75,0.0,113.25,3.0,0.5641025641025641,156.75,31.0,222.25,332.25,1.0,0.0,1.0,13.99161466723308,4.257894736842106,2.528225806451613,,,31.0,,,,31.0,5.5,,,,,,,,,,,,,,,,CPU,sync,,,hardware,False,95.0,31.0,155.0,62.0,62.0,93.0,95.0,1.0,0.0,95.0,1.0,0.0
tfim,32,1,8,ibmq,ibm_boston,15901.147305965424,,98.0,32.0,,160.0,,,,,,64.0,,,,,,,,,,,,,,,,,,,,,64.0,96.0,,,,,,,,,,,,,,,,,,,,,,,,,,1.0,1.5,98.0,32.0,32.0,32.0,160.0,64.0,64.0,96.0,98.0,1.0,0.0,32.0,64.0,,1.5,352.75,156.0,593.0,108.25,0.0,125.0,2.25,0.40705128205128205,108.25,32.0,218.0,234.25,1.0,0.0,1.0,1.9085181261179969,3.5994897959183674,1.69140625,,,32.0,,,,32.0,1.0,,,,,,,,,,,,,,,,CPU,sync,,,hardware,False,98.0,32.0,160.0,64.0,64.0,96.0,98.0,1.0,0.0,98.0,1.0,0.0
tfim,32,1,32,qiskitaer,matrix_product_state,8134.298,,98.0,32.0,,160.0,,,,,,64.0,,,,,,,,,,,,,,,,,,,,,64.0,96.0,,,,,,,,,,,,,,,,,,,,,,,,,,,,,,,,,,,,,,,,,,,,,,,,,,,,,,,,,,,,,,,,,,,,,,,,,,,,,,,,,,,,,,,,,,98.0,32.0,160.0,64.0,64.0,96.0,98.0,1.0,0.0,98.0,1.0,0.0
tfim,32,2,8,qiskitaer,matrix_product_state,9283.246666666666,,98.0,32.0,,160.0,,,,,,64.0,,,,,,,,,,,,,,,,,,,,,64.0,96.0,,,,,,,,,,,,,,,,,,,,,,,,,,,,,,,,,,,,,,,,,,,,,,,,,,,,,,,,,,,,,,,,,,,,,,,,,,,,,,,,,,,,,,,,,,98.0,32.0,160.0,64.0,64.0,96.0,98.0,1.0,0.0,98.0,1.0,0.0
tfim,32,2,16,qiskitaer,matrix_product_state,7034.974,,98.0,32.0,,160.0,,,,,,64.0,,,,,,,,,,,,,,,,,,,,,64.0,96.0,,,,,,,,,,,,,,,,,,,,,,,,,,,,,,,,,,,,,,,,,,,,,,,,,,,,,,,,,,,,,,,,,,,,,,,,,,,,,,,,,,,,,,,,,,98.0,32.0,160.0,64.0,64.0,96.0,98.0,1.0,0.0,98.0,1.0,0.0
tfim,32,4,8,qiskitaer,matrix_product_state,6335.418,,98.0,32.0,,160.0,,,,,,64.0,,,,,,,,,,,,,,,,,,,,,64.0,96.0,,,,,,,,,,,,,,,,,,,,,,,,,,,,,,,,,,,,,,,,,,,,,,,,,,,,,,,,,,,,,,,,,,,,,,,,,,,,,,,,,,,,,,,,,,98.0,32.0,160.0,64.0,64.0,96.0,98.0,1.0,0.0,98.0,1.0,0.0
tfim,33,1,8,ibmq,ibm_boston,22332.277417182922,,101.0,33.0,,165.0,,,,,,66.0,,,,,,,,,,,,,,,,,,,,,66.0,99.0,,,,,,,,,,,,,,,,,,,,,,,,,,1.0,1.5,101.0,33.0,33.0,33.0,165.0,66.0,66.0,99.0,101.0,1.0,0.0,33.0,66.0,,1.5,434.5,156.0,800.75,167.0,0.0,111.5,3.0,0.5833333333333334,167.0,33.0,243.0,354.25,1.0,0.0,1.0,4.0646050532814115,4.301980198019802,2.5303030303030303,,,33.0,,,,33.0,7.0,,,,,,,,,,,,,,,,CPU,sync,,,hardware,False,101.0,33.0,165.0,66.0,66.0,99.0,101.0,1.0,0.0,101.0,1.0,0.0
tfim,33,2,16,qiskitaer,matrix_product_state,6695.8240000000005,,101.0,33.0,,165.0,,,,,,66.0,,,,,,,,,,,,,,,,,,,,,66.0,99.0,,,,,,,,,,,,,,,,,,,,,,,,,,,,,,,,,,,,,,,,,,,,,,,,,,,,,,,,,,,,,,,,,,,,,,,,,,,,,,,,,,,,,,,,,,101.0,33.0,165.0,66.0,66.0,99.0,101.0,1.0,0.0,101.0,1.0,0.0
tfim,34,1,8,ibmq,ibm_boston,14210.26873588562,,104.0,34.0,,170.0,,,,,,68.0,,,,,,,,,,,,,,,,,,,,,68.0,102.0,,,,,,,,,,,,,,,,,,,,,,,,,,1.0,1.5,104.0,34.0,34.0,34.0,170.0,68.0,68.0,102.0,104.0,1.0,0.0,34.0,68.0,,1.5,441.5,156.0,795.25,166.25,0.0,108.25,2.75,0.6282051282051282,166.25,34.0,239.75,350.5,1.0,0.0,1.0,9.4213567111874,4.2451923076923075,2.4448529411764706,,,34.0,,,,34.0,9.5,,,,,,,,,,,,,,,,CPU,sync,,,hardware,False,104.0,34.0,170.0,68.0,68.0,102.0,104.0,1.0,0.0,104.0,1.0,0.0
